ID	Description	GeneRatio	BgRatio	RichFactor	FoldEnrichment	zScore	pvalue	p.adjust	qvalue	geneID	Count
GO:0030048	actin filament-based movement	4/27	139/18805	0.02877697841726619	20.042632560618173	8.544587330418377	4.395995978890865e-5	0.017034576488095043	0.012240659384620087	SYNE2/KCNJ2/WIPF1/AKAP9	4
GO:0010562	positive regulation of phosphorus metabolic process	6/27	493/18805	0.012170385395537525	8.476448050484562	6.378715402506649	5.833759071265426e-5	0.017034576488095043	0.012240659384620087	MEF2C/TLR6/NBN/FAS/STRADB/AKAP9	6
GO:0045937	positive regulation of phosphate metabolic process	6/27	493/18805	0.012170385395537525	8.476448050484562	6.378715402506649	5.833759071265426e-5	0.017034576488095043	0.012240659384620087	MEF2C/TLR6/NBN/FAS/STRADB/AKAP9	6
GO:0002260	lymphocyte homeostasis	3/27	81/18805	0.037037037037037035	25.795610425240053	8.480087501415122	2.090061669943582e-4	0.04064931696854243	0.02920967501464597	MEF2C/GAPT/FAS	3
GO:0001934	positive regulation of protein phosphorylation	5/27	414/18805	0.012077294685990338	8.411612095186975	5.7821920961791715	2.732025136911843e-4	0.04064931696854243	0.02920967501464597	TLR6/NBN/FAS/STRADB/AKAP9	5
GO:0097191	extrinsic apoptotic signaling pathway	4/27	237/18805	0.016877637130801686	11.754961712767617	6.318046441524306	3.436828890074381e-4	0.04064931696854243	0.02920967501464597	TLR6/BCL2A1/FAS/STRADB	4
GO:0042327	positive regulation of phosphorylation	5/27	437/18805	0.011441647597254004	7.968895669124502	5.589282771431149	3.5045757123155325e-4	0.04064931696854243	0.02920967501464597	TLR6/NBN/FAS/STRADB/AKAP9	5
GO:1903428	positive regulation of reactive oxygen species biosynthetic process	2/27	20/18805	0.1	69.64814814814815	11.647173913182364	3.712266389821227e-4	0.04064931696854243	0.02920967501464597	TLR6/FAS	2
