ID	Description	GeneRatio	BgRatio	RichFactor	FoldEnrichment	zScore	pvalue	p.adjust	qvalue	geneID	Count
GO:0010562	positive regulation of phosphorus metabolic process	10/59	493/18805	0.02028397565922921	6.465087496132292	6.898418057912844	2.7794591682788068e-6	0.002304171650503131	0.0018563861497609506	MEF2C/TLR6/XRCC6/RHOA/NBN/TMSB4X/FAS/STRADB/AKAP9/FBXW7	10
GO:0045937	positive regulation of phosphate metabolic process	10/59	493/18805	0.02028397565922921	6.465087496132292	6.898418057912844	2.7794591682788068e-6	0.002304171650503131	0.0018563861497609506	MEF2C/TLR6/XRCC6/RHOA/NBN/TMSB4X/FAS/STRADB/AKAP9/FBXW7	10
GO:0001934	positive regulation of protein phosphorylation	8/59	414/18805	0.01932367149758454	6.1590108900352085	5.954712028337195	4.282277840174694e-5	0.02299321505096175	0.01852478566419304	TLR6/XRCC6/RHOA/NBN/FAS/STRADB/AKAP9/FBXW7	8
GO:0042327	positive regulation of phosphorylation	8/59	437/18805	0.018306636155606407	5.834852422138618	5.737065736953388	6.263625813617345e-5	0.02299321505096175	0.01852478566419304	TLR6/XRCC6/RHOA/NBN/FAS/STRADB/AKAP9/FBXW7	8
GO:0033674	positive regulation of kinase activity	6/59	223/18805	0.026905829596412557	8.575663145093866	6.384452787365007	6.934021426707402e-5	0.02299321505096175	0.01852478566419304	TLR6/XRCC6/RHOA/NBN/STRADB/FBXW7	6
GO:0051347	positive regulation of transferase activity	6/59	263/18805	0.022813688212927757	7.271379777018754	5.745919110597647	1.7117848475389603e-4	0.04730232128699327	0.03810973634257791	TLR6/XRCC6/RHOA/NBN/STRADB/FBXW7	6
GO:0022898	regulation of transmembrane transporter activity	5/59	176/18805	0.028409090909090908	9.054795839753465	6.023000793310051	2.2567175843839376e-4	0.04869889249484357	0.03923490227665322	UBQLN1/CTSS/TMSB4X/ACTB/AKAP9	5
GO:0043549	regulation of kinase activity	7/59	397/18805	0.017632241813602016	5.619903513640439	5.219413165850742	2.3497656209815957e-4	0.04869889249484357	0.03923490227665322	TLR6/XRCC6/RHOA/NBN/STRADB/ACTB/FBXW7	7
