ID	Description	GeneRatio	BgRatio	RichFactor	FoldEnrichment	zScore	pvalue	p.adjust	qvalue	geneID	Count
GO:0005522	profilin binding	2/60	10/18639	0.2	62.13	10.988128660789512	4.510073271445501e-4	0.04700245017527129	0.03761831592975171	ACTG1/WIPF1	2
GO:0098973	structural constituent of postsynaptic actin cytoskeleton	2/60	11/18639	0.18181818181818182	56.481818181818184	10.459911842906978	5.500895388403311e-4	0.04700245017527129	0.03761831592975171	ACTG1/ACTB	2
GO:0003924	GTPase activity	6/60	331/18639	0.01812688821752266	5.631117824773415	4.831071743323621	6.698156594735267e-4	0.04700245017527129	0.03761831592975171	GNG10/SEPTIN2/RHOA/GIMAP7/ARHGAP5/ARHGDIB	6
GO:0035325	Toll-like receptor binding	2/60	13/18639	0.15384615384615385	47.792307692307695	9.590703228264841	7.769000028970462e-4	0.04700245017527129	0.03761831592975171	TLR6/S100A8	2
