category	subcategory	ID	Description	GeneRatio	BgRatio	RichFactor	FoldEnrichment	zScore	pvalue	p.adjust	qvalue	geneID	Count
Organismal Systems	Endocrine system	hsa04921	Oxytocin signaling pathway	7/76	155/9446	0.04516129032258064	5.613073005093378	5.215103459212561	2.3691301129639345e-4	0.02446061652532994	0.018514050603131934	ACTG1/KCNJ2/MEF2C/CALM1/ACTB/PRKCB/PPP3R1	7
Cellular Processes	Transport and catabolism	hsa04145	Phagosome	7/76	159/9446	0.0440251572327044	5.4718636213174445	5.121384368501367	2.769844928355509e-4	0.02446061652532994	0.018514050603131934	TLR6/FCGR2A/ACTG1/ITGB1/ACTB/HLA-E/CANX	7
Organismal Systems	Digestive system	hsa04971	Gastric acid secretion	5/76	76/9446	0.06578947368421052	8.176939058171746	5.657365543417778	3.4943737893328484e-4	0.02446061652532994	0.018514050603131934	ACTG1/KCNJ2/CALM1/ACTB/PRKCB	5
Human Diseases	Infectious disease: bacterial	hsa05135	Yersinia infection	6/76	138/9446	0.043478260869565216	5.403890160183066	4.693381057401204	8.24125788421056e-4	0.04326660389210544	0.032748156329363017	FCGR2A/ACTG1/SKAP2/ITGB1/ACTB/WIPF1	6
