model	sample_id	true_label	predicted_label	positive_label	positive_probability	prob_true_label
logistic_regression	SRR8907879	Cluster_Naive_Enriched	Cluster_Naive_Enriched	Cluster_DENV_Enriched	0.0003828713887255574	0.9996171286112745
logistic_regression	SRR8907880	Cluster_Naive_Enriched	Cluster_Naive_Enriched	Cluster_DENV_Enriched	0.00284715323487471	0.9971528467651253
logistic_regression	SRR8907881	Cluster_Naive_Enriched	Cluster_Naive_Enriched	Cluster_DENV_Enriched	0.01043623515910054	0.9895637648408995
logistic_regression	SRR8907882	Cluster_Naive_Enriched	Cluster_Naive_Enriched	Cluster_DENV_Enriched	0.0015440656155915082	0.9984559343844085
logistic_regression	SRR8907883	Cluster_Naive_Enriched	Cluster_Naive_Enriched	Cluster_DENV_Enriched	0.0054510505543661145	0.9945489494456339
logistic_regression	SRR8907884	Cluster_Naive_Enriched	Cluster_Naive_Enriched	Cluster_DENV_Enriched	0.000283045977654021	0.999716954022346
logistic_regression	SRR8907885	Cluster_Naive_Enriched	Cluster_Naive_Enriched	Cluster_DENV_Enriched	0.0005689682071028716	0.9994310317928972
logistic_regression	SRR8907886	Cluster_Naive_Enriched	Cluster_Naive_Enriched	Cluster_DENV_Enriched	0.0010088442507828334	0.9989911557492172
logistic_regression	SRR8907887	Cluster_DENV_Enriched	Cluster_DENV_Enriched	Cluster_DENV_Enriched	0.99997394247053	0.99997394247053
logistic_regression	SRR8907888	Cluster_DENV_Enriched	Cluster_DENV_Enriched	Cluster_DENV_Enriched	0.9999333402171113	0.9999333402171113
logistic_regression	SRR8907889	Cluster_DENV_Enriched	Cluster_DENV_Enriched	Cluster_DENV_Enriched	0.998406805048112	0.998406805048112
logistic_regression	SRR8907890	Cluster_DENV_Enriched	Cluster_DENV_Enriched	Cluster_DENV_Enriched	0.9997656903542249	0.9997656903542249
logistic_regression	SRR8907891	Cluster_Naive_Enriched	Cluster_Naive_Enriched	Cluster_DENV_Enriched	0.004308037373022365	0.9956919626269777
logistic_regression	SRR8907892	Cluster_Naive_Enriched	Cluster_Naive_Enriched	Cluster_DENV_Enriched	0.004649073837576622	0.9953509261624234
logistic_regression	SRR8907893	Cluster_Naive_Enriched	Cluster_Naive_Enriched	Cluster_DENV_Enriched	0.003302876581832275	0.9966971234181677
logistic_regression	SRR8907894	Cluster_Naive_Enriched	Cluster_Naive_Enriched	Cluster_DENV_Enriched	0.0033012951356580166	0.996698704864342
logistic_regression	SRR8907895	Cluster_Naive_Enriched	Cluster_Naive_Enriched	Cluster_DENV_Enriched	0.0004282900584717032	0.9995717099415283
logistic_regression	SRR8907896	Cluster_Naive_Enriched	Cluster_Naive_Enriched	Cluster_DENV_Enriched	0.009348223737498714	0.9906517762625013
logistic_regression	SRR8907897	Cluster_Naive_Enriched	Cluster_Naive_Enriched	Cluster_DENV_Enriched	0.00041407829660967184	0.9995859217033903
logistic_regression	SRR8907898	Cluster_Naive_Enriched	Cluster_Naive_Enriched	Cluster_DENV_Enriched	0.0073374639285969595	0.9926625360714031
logistic_regression	SRR8907899	Cluster_DENV_Enriched	Cluster_DENV_Enriched	Cluster_DENV_Enriched	0.9997299674440727	0.9997299674440727
logistic_regression	SRR8907900	Cluster_DENV_Enriched	Cluster_DENV_Enriched	Cluster_DENV_Enriched	0.9996668665747404	0.9996668665747404
logistic_regression	SRR8907901	Cluster_DENV_Enriched	Cluster_DENV_Enriched	Cluster_DENV_Enriched	0.9999766150683912	0.9999766150683912
logistic_regression	SRR8907902	Cluster_DENV_Enriched	Cluster_DENV_Enriched	Cluster_DENV_Enriched	0.9999847790848977	0.9999847790848977
logistic_regression	SRR8907903	Cluster_Naive_Enriched	Cluster_Naive_Enriched	Cluster_DENV_Enriched	0.0059404819838572796	0.9940595180161427
logistic_regression	SRR8907904	Cluster_Naive_Enriched	Cluster_Naive_Enriched	Cluster_DENV_Enriched	0.0002414910506087288	0.9997585089493912
logistic_regression	SRR8907905	Cluster_Naive_Enriched	Cluster_Naive_Enriched	Cluster_DENV_Enriched	0.0006035997546465727	0.9993964002453535
logistic_regression	SRR8907906	Cluster_Naive_Enriched	Cluster_Naive_Enriched	Cluster_DENV_Enriched	0.008266759906948744	0.9917332400930513
logistic_regression	SRR8907907	Cluster_Naive_Enriched	Cluster_Naive_Enriched	Cluster_DENV_Enriched	0.0003464598567574834	0.9996535401432425
logistic_regression	SRR8907908	Cluster_Naive_Enriched	Cluster_Naive_Enriched	Cluster_DENV_Enriched	0.0037292480944571753	0.9962707519055428
logistic_regression	SRR8907909	Cluster_Naive_Enriched	Cluster_Naive_Enriched	Cluster_DENV_Enriched	0.011286810923308015	0.988713189076692
logistic_regression	SRR8907910	Cluster_Naive_Enriched	Cluster_Naive_Enriched	Cluster_DENV_Enriched	0.0015884072051399545	0.99841159279486
logistic_regression	SRR8907911	Cluster_DENV_Enriched	Cluster_DENV_Enriched	Cluster_DENV_Enriched	0.9999479595100333	0.9999479595100333
logistic_regression	SRR8907912	Cluster_DENV_Enriched	Cluster_DENV_Enriched	Cluster_DENV_Enriched	0.9999552430205187	0.9999552430205187
logistic_regression	SRR8907913	Cluster_DENV_Enriched	Cluster_DENV_Enriched	Cluster_DENV_Enriched	0.9999931044929765	0.9999931044929765
logistic_regression	SRR8907914	Cluster_DENV_Enriched	Cluster_DENV_Enriched	Cluster_DENV_Enriched	0.9999968579320694	0.9999968579320694
logistic_regression	SRR8907915	Cluster_Naive_Enriched	Cluster_Naive_Enriched	Cluster_DENV_Enriched	0.04352746803319818	0.9564725319668018
logistic_regression	SRR8907916	Cluster_Naive_Enriched	Cluster_Naive_Enriched	Cluster_DENV_Enriched	0.07627281088272228	0.9237271891172777
logistic_regression	SRR8907917	Cluster_Naive_Enriched	Cluster_Naive_Enriched	Cluster_DENV_Enriched	0.21549911005495412	0.7845008899450459
logistic_regression	SRR8907918	Cluster_Naive_Enriched	Cluster_Naive_Enriched	Cluster_DENV_Enriched	0.27329714046803466	0.7267028595319653
logistic_regression	SRR8907919	Cluster_Naive_Enriched	Cluster_Naive_Enriched	Cluster_DENV_Enriched	0.04562844365388509	0.9543715563461149
logistic_regression	SRR8907920	Cluster_Naive_Enriched	Cluster_Naive_Enriched	Cluster_DENV_Enriched	0.09455191911074173	0.9054480808892582
logistic_regression	SRR8907921	Cluster_Naive_Enriched	Cluster_Naive_Enriched	Cluster_DENV_Enriched	0.1948020500235142	0.8051979499764859
logistic_regression	SRR8907922	Cluster_Naive_Enriched	Cluster_Naive_Enriched	Cluster_DENV_Enriched	0.022388486648941237	0.9776115133510588
logistic_regression	SRR8907923	Cluster_DENV_Enriched	Cluster_DENV_Enriched	Cluster_DENV_Enriched	0.9999913821276909	0.9999913821276909
logistic_regression	SRR8907924	Cluster_DENV_Enriched	Cluster_DENV_Enriched	Cluster_DENV_Enriched	0.9999833466561668	0.9999833466561668
logistic_regression	SRR8907925	Cluster_DENV_Enriched	Cluster_DENV_Enriched	Cluster_DENV_Enriched	0.9999712763783785	0.9999712763783785
logistic_regression	SRR8907926	Cluster_DENV_Enriched	Cluster_DENV_Enriched	Cluster_DENV_Enriched	0.999998921947808	0.999998921947808
logistic_regression	SRR8907927	Cluster_Naive_Enriched	Cluster_DENV_Enriched	Cluster_DENV_Enriched	0.6749722388920605	0.3250277611079395
logistic_regression	SRR8907928	Cluster_Naive_Enriched	Cluster_Naive_Enriched	Cluster_DENV_Enriched	0.1580808917678659	0.8419191082321341
logistic_regression	SRR8907929	Cluster_Naive_Enriched	Cluster_Naive_Enriched	Cluster_DENV_Enriched	0.02571851643390209	0.9742814835660979
logistic_regression	SRR8907930	Cluster_Naive_Enriched	Cluster_Naive_Enriched	Cluster_DENV_Enriched	0.06036519202951993	0.93963480797048
logistic_regression	SRR8907931	Cluster_Naive_Enriched	Cluster_Naive_Enriched	Cluster_DENV_Enriched	0.28546629115599786	0.7145337088440021
logistic_regression	SRR8907932	Cluster_Naive_Enriched	Cluster_Naive_Enriched	Cluster_DENV_Enriched	0.0558774304967956	0.9441225695032044
logistic_regression	SRR8907933	Cluster_Naive_Enriched	Cluster_Naive_Enriched	Cluster_DENV_Enriched	0.015301393542563048	0.9846986064574369
logistic_regression	SRR8907934	Cluster_Naive_Enriched	Cluster_Naive_Enriched	Cluster_DENV_Enriched	0.08685373755085771	0.9131462624491423
logistic_regression	SRR8907935	Cluster_DENV_Enriched	Cluster_DENV_Enriched	Cluster_DENV_Enriched	0.9998183207542807	0.9998183207542807
logistic_regression	SRR8907936	Cluster_DENV_Enriched	Cluster_DENV_Enriched	Cluster_DENV_Enriched	0.9999857400068407	0.9999857400068407
logistic_regression	SRR8907937	Cluster_DENV_Enriched	Cluster_DENV_Enriched	Cluster_DENV_Enriched	0.9999091266047523	0.9999091266047523
logistic_regression	SRR8907938	Cluster_DENV_Enriched	Cluster_DENV_Enriched	Cluster_DENV_Enriched	0.9964119105619617	0.9964119105619617
logistic_regression	SRR8907939	Cluster_Naive_Enriched	Cluster_Naive_Enriched	Cluster_DENV_Enriched	0.0016288876482557012	0.9983711123517442
logistic_regression	SRR8907940	Cluster_Naive_Enriched	Cluster_Naive_Enriched	Cluster_DENV_Enriched	0.0018678988380346057	0.9981321011619654
logistic_regression	SRR8907941	Cluster_Naive_Enriched	Cluster_Naive_Enriched	Cluster_DENV_Enriched	0.0004854617917314246	0.9995145382082685
logistic_regression	SRR8907942	Cluster_Naive_Enriched	Cluster_Naive_Enriched	Cluster_DENV_Enriched	0.10308291071063905	0.896917089289361
logistic_regression	SRR8907943	Cluster_Naive_Enriched	Cluster_Naive_Enriched	Cluster_DENV_Enriched	0.00039763698207359436	0.9996023630179264
logistic_regression	SRR8907944	Cluster_Naive_Enriched	Cluster_Naive_Enriched	Cluster_DENV_Enriched	0.0003218290896223856	0.9996781709103776
logistic_regression	SRR8907945	Cluster_Naive_Enriched	Cluster_Naive_Enriched	Cluster_DENV_Enriched	0.0003766167140962767	0.9996233832859037
logistic_regression	SRR8907946	Cluster_Naive_Enriched	Cluster_Naive_Enriched	Cluster_DENV_Enriched	0.0008327618584122789	0.9991672381415877
logistic_regression	SRR8907947	Cluster_DENV_Enriched	Cluster_DENV_Enriched	Cluster_DENV_Enriched	0.9996862619761883	0.9996862619761883
logistic_regression	SRR8907948	Cluster_DENV_Enriched	Cluster_DENV_Enriched	Cluster_DENV_Enriched	0.9997964050970075	0.9997964050970075
logistic_regression	SRR8907949	Cluster_DENV_Enriched	Cluster_DENV_Enriched	Cluster_DENV_Enriched	0.6429186657230576	0.6429186657230576
logistic_regression	SRR8907950	Cluster_DENV_Enriched	Cluster_DENV_Enriched	Cluster_DENV_Enriched	0.9158832377426634	0.9158832377426634
logistic_regression	SRR8907951	Cluster_DENV_Enriched	Cluster_DENV_Enriched	Cluster_DENV_Enriched	0.9798624326558864	0.9798624326558864
logistic_regression	SRR8907952	Cluster_Naive_Enriched	Cluster_Naive_Enriched	Cluster_DENV_Enriched	0.001038274372457102	0.9989617256275429
logistic_regression	SRR8907953	Cluster_Naive_Enriched	Cluster_Naive_Enriched	Cluster_DENV_Enriched	8.607925015475505e-05	0.9999139207498452
logistic_regression	SRR8907954	Cluster_Naive_Enriched	Cluster_Naive_Enriched	Cluster_DENV_Enriched	0.0007570011628461526	0.9992429988371538
logistic_regression	SRR8907955	Cluster_Naive_Enriched	Cluster_Naive_Enriched	Cluster_DENV_Enriched	0.0016011154797777477	0.9983988845202223
logistic_regression	SRR8907956	Cluster_Naive_Enriched	Cluster_Naive_Enriched	Cluster_DENV_Enriched	0.0002644338570714233	0.9997355661429286
logistic_regression	SRR8907957	Cluster_Naive_Enriched	Cluster_Naive_Enriched	Cluster_DENV_Enriched	0.0010063469213253402	0.9989936530786747
logistic_regression	SRR8907958	Cluster_Naive_Enriched	Cluster_Naive_Enriched	Cluster_DENV_Enriched	0.0002534098413329062	0.9997465901586671
logistic_regression	SRR8907959	Cluster_Naive_Enriched	Cluster_Naive_Enriched	Cluster_DENV_Enriched	0.0027543476952314725	0.9972456523047686
logistic_regression	SRR8907960	Cluster_DENV_Enriched	Cluster_DENV_Enriched	Cluster_DENV_Enriched	0.9990425587369193	0.9990425587369193
logistic_regression	SRR8907961	Cluster_DENV_Enriched	Cluster_DENV_Enriched	Cluster_DENV_Enriched	0.9952335568996723	0.9952335568996723
logistic_regression	SRR8907962	Cluster_DENV_Enriched	Cluster_DENV_Enriched	Cluster_DENV_Enriched	0.9994075936721962	0.9994075936721962
logistic_regression	SRR8907963	Cluster_DENV_Enriched	Cluster_DENV_Enriched	Cluster_DENV_Enriched	0.9998791126052269	0.9998791126052269
logistic_regression	SRR8907964	Cluster_Naive_Enriched	Cluster_Naive_Enriched	Cluster_DENV_Enriched	0.0015116471688994225	0.9984883528311006
logistic_regression	SRR8907965	Cluster_Naive_Enriched	Cluster_Naive_Enriched	Cluster_DENV_Enriched	0.0028934378261378057	0.9971065621738622
logistic_regression	SRR8907966	Cluster_Naive_Enriched	Cluster_Naive_Enriched	Cluster_DENV_Enriched	0.0008106672843150686	0.9991893327156849
logistic_regression	SRR8907967	Cluster_Naive_Enriched	Cluster_Naive_Enriched	Cluster_DENV_Enriched	0.0030495591338197377	0.9969504408661802
logistic_regression	SRR8907968	Cluster_Naive_Enriched	Cluster_Naive_Enriched	Cluster_DENV_Enriched	0.00151956608451763	0.9984804339154824
logistic_regression	SRR8907969	Cluster_Naive_Enriched	Cluster_Naive_Enriched	Cluster_DENV_Enriched	0.00032363398255664996	0.9996763660174434
logistic_regression	SRR8907970	Cluster_Naive_Enriched	Cluster_Naive_Enriched	Cluster_DENV_Enriched	0.00015829426433370189	0.9998417057356663
logistic_regression	SRR8907971	Cluster_Naive_Enriched	Cluster_Naive_Enriched	Cluster_DENV_Enriched	0.004173441287753213	0.9958265587122468
logistic_regression	SRR8907972	Cluster_DENV_Enriched	Cluster_DENV_Enriched	Cluster_DENV_Enriched	0.9993529251548283	0.9993529251548283
logistic_regression	SRR8907973	Cluster_DENV_Enriched	Cluster_DENV_Enriched	Cluster_DENV_Enriched	0.9992234372565376	0.9992234372565376
logistic_regression	SRR8907974	Cluster_DENV_Enriched	Cluster_DENV_Enriched	Cluster_DENV_Enriched	0.999946969404673	0.999946969404673
logistic_regression	SRR8907975	Cluster_DENV_Enriched	Cluster_DENV_Enriched	Cluster_DENV_Enriched	0.9998778560750152	0.9998778560750152
logistic_regression	SRR8907976	Cluster_Naive_Enriched	Cluster_Naive_Enriched	Cluster_DENV_Enriched	0.025199555761412966	0.974800444238587
logistic_regression	SRR8907977	Cluster_Naive_Enriched	Cluster_Naive_Enriched	Cluster_DENV_Enriched	0.027816414564354828	0.9721835854356452
logistic_regression	SRR8907978	Cluster_Naive_Enriched	Cluster_Naive_Enriched	Cluster_DENV_Enriched	0.020597045420588857	0.9794029545794112
logistic_regression	SRR8907979	Cluster_Naive_Enriched	Cluster_Naive_Enriched	Cluster_DENV_Enriched	0.016722615238292774	0.9832773847617072
logistic_regression	SRR8907980	Cluster_Naive_Enriched	Cluster_Naive_Enriched	Cluster_DENV_Enriched	0.008301433403025391	0.9916985665969746
logistic_regression	SRR8907981	Cluster_Naive_Enriched	Cluster_Naive_Enriched	Cluster_DENV_Enriched	0.030547859649304315	0.9694521403506957
logistic_regression	SRR8907982	Cluster_Naive_Enriched	Cluster_Naive_Enriched	Cluster_DENV_Enriched	0.08282640917635306	0.9171735908236469
logistic_regression	SRR8907983	Cluster_Naive_Enriched	Cluster_Naive_Enriched	Cluster_DENV_Enriched	0.05461294691991817	0.9453870530800819
logistic_regression	SRR8907984	Cluster_DENV_Enriched	Cluster_DENV_Enriched	Cluster_DENV_Enriched	0.9999050118180541	0.9999050118180541
logistic_regression	SRR8907985	Cluster_DENV_Enriched	Cluster_DENV_Enriched	Cluster_DENV_Enriched	0.9999013608292158	0.9999013608292158
logistic_regression	SRR8907986	Cluster_DENV_Enriched	Cluster_DENV_Enriched	Cluster_DENV_Enriched	0.9999758395649717	0.9999758395649717
logistic_regression	SRR8907987	Cluster_DENV_Enriched	Cluster_DENV_Enriched	Cluster_DENV_Enriched	0.9999400187344446	0.9999400187344446
logistic_regression	SRR8907988	Cluster_DENV_Enriched	Cluster_DENV_Enriched	Cluster_DENV_Enriched	0.9902806776090077	0.9902806776090077
logistic_regression	SRR8907989	Cluster_DENV_Enriched	Cluster_DENV_Enriched	Cluster_DENV_Enriched	0.9628023231200593	0.9628023231200593
logistic_regression	SRR8907990	Cluster_DENV_Enriched	Cluster_DENV_Enriched	Cluster_DENV_Enriched	0.9998785303491811	0.9998785303491811
logistic_regression	SRR8907991	Cluster_DENV_Enriched	Cluster_DENV_Enriched	Cluster_DENV_Enriched	0.9999359114970393	0.9999359114970393
logistic_regression	SRR8907992	Cluster_Naive_Enriched	Cluster_Naive_Enriched	Cluster_DENV_Enriched	0.0025753168835991815	0.9974246831164009
logistic_regression	SRR8907993	Cluster_Naive_Enriched	Cluster_Naive_Enriched	Cluster_DENV_Enriched	0.0010127729300414153	0.9989872270699586
logistic_regression	SRR8907994	Cluster_Naive_Enriched	Cluster_Naive_Enriched	Cluster_DENV_Enriched	0.0032406406028913466	0.9967593593971087
logistic_regression	SRR8907995	Cluster_Naive_Enriched	Cluster_Naive_Enriched	Cluster_DENV_Enriched	0.006227999394114339	0.9937720006058857
logistic_regression	SRR8907996	Cluster_Naive_Enriched	Cluster_Naive_Enriched	Cluster_DENV_Enriched	0.0019694053007336836	0.9980305946992664
logistic_regression	SRR8907997	Cluster_Naive_Enriched	Cluster_Naive_Enriched	Cluster_DENV_Enriched	0.0018215029009135534	0.9981784970990865
logistic_regression	SRR8907998	Cluster_Naive_Enriched	Cluster_Naive_Enriched	Cluster_DENV_Enriched	0.002512677868665743	0.9974873221313343
logistic_regression	SRR8907999	Cluster_Naive_Enriched	Cluster_Naive_Enriched	Cluster_DENV_Enriched	0.0024366582696388832	0.9975633417303611
logistic_regression	SRR8908000	Cluster_DENV_Enriched	Cluster_DENV_Enriched	Cluster_DENV_Enriched	0.999880680602585	0.999880680602585
logistic_regression	SRR8908001	Cluster_DENV_Enriched	Cluster_DENV_Enriched	Cluster_DENV_Enriched	0.9995388544914986	0.9995388544914986
logistic_regression	SRR8908002	Cluster_DENV_Enriched	Cluster_DENV_Enriched	Cluster_DENV_Enriched	0.9998018059848884	0.9998018059848884
logistic_regression	SRR8908003	Cluster_DENV_Enriched	Cluster_DENV_Enriched	Cluster_DENV_Enriched	0.9998506641094	0.9998506641094
logistic_regression	SRR8908004	Cluster_Naive_Enriched	Cluster_Naive_Enriched	Cluster_DENV_Enriched	0.0008706578617951065	0.9991293421382049
logistic_regression	SRR8908005	Cluster_Naive_Enriched	Cluster_Naive_Enriched	Cluster_DENV_Enriched	2.346899315042475e-06	0.999997653100685
logistic_regression	SRR8908006	Cluster_Naive_Enriched	Cluster_Naive_Enriched	Cluster_DENV_Enriched	0.00011060588284741563	0.9998893941171526
logistic_regression	SRR8908007	Cluster_Naive_Enriched	Cluster_Naive_Enriched	Cluster_DENV_Enriched	5.846812159409781e-05	0.999941531878406
logistic_regression	SRR8908008	Cluster_Naive_Enriched	Cluster_Naive_Enriched	Cluster_DENV_Enriched	8.545143674105115e-05	0.9999145485632589
logistic_regression	SRR8908009	Cluster_Naive_Enriched	Cluster_Naive_Enriched	Cluster_DENV_Enriched	0.0003963541796808086	0.9996036458203192
logistic_regression	SRR8908010	Cluster_Naive_Enriched	Cluster_Naive_Enriched	Cluster_DENV_Enriched	0.00010107719271655377	0.9998989228072834
logistic_regression	SRR8908011	Cluster_Naive_Enriched	Cluster_Naive_Enriched	Cluster_DENV_Enriched	0.00044799263324872513	0.9995520073667513
logistic_regression	SRR8908012	Cluster_DENV_Enriched	Cluster_DENV_Enriched	Cluster_DENV_Enriched	0.9997328210962866	0.9997328210962866
logistic_regression	SRR8908013	Cluster_DENV_Enriched	Cluster_DENV_Enriched	Cluster_DENV_Enriched	0.999871296921156	0.999871296921156
logistic_regression	SRR8908014	Cluster_DENV_Enriched	Cluster_DENV_Enriched	Cluster_DENV_Enriched	0.9987544430217993	0.9987544430217993
logistic_regression	SRR8908015	Cluster_DENV_Enriched	Cluster_DENV_Enriched	Cluster_DENV_Enriched	0.9985489846981985	0.9985489846981985
logistic_regression	SRR8908016	Cluster_Naive_Enriched	Cluster_Naive_Enriched	Cluster_DENV_Enriched	0.00020846629507440087	0.9997915337049256
logistic_regression	SRR8908017	Cluster_Naive_Enriched	Cluster_Naive_Enriched	Cluster_DENV_Enriched	0.00015096489218880023	0.9998490351078112
logistic_regression	SRR8908018	Cluster_Naive_Enriched	Cluster_Naive_Enriched	Cluster_DENV_Enriched	0.0003034859601783217	0.9996965140398216
logistic_regression	SRR8908019	Cluster_Naive_Enriched	Cluster_Naive_Enriched	Cluster_DENV_Enriched	0.0017353422966512127	0.9982646577033488
logistic_regression	SRR8908020	Cluster_Naive_Enriched	Cluster_Naive_Enriched	Cluster_DENV_Enriched	0.00028228976292609694	0.9997177102370739
logistic_regression	SRR8908021	Cluster_Naive_Enriched	Cluster_Naive_Enriched	Cluster_DENV_Enriched	0.00012906843014999028	0.99987093156985
logistic_regression	SRR8908022	Cluster_Naive_Enriched	Cluster_Naive_Enriched	Cluster_DENV_Enriched	0.00546258225836682	0.9945374177416332
logistic_regression	SRR8908023	Cluster_Naive_Enriched	Cluster_Naive_Enriched	Cluster_DENV_Enriched	0.00013114915653476941	0.9998688508434652
logistic_regression	SRR8908024	Cluster_DENV_Enriched	Cluster_DENV_Enriched	Cluster_DENV_Enriched	0.9996518353255769	0.9996518353255769
logistic_regression	SRR8908025	Cluster_DENV_Enriched	Cluster_DENV_Enriched	Cluster_DENV_Enriched	0.9985551754461224	0.9985551754461224
logistic_regression	SRR8908026	Cluster_DENV_Enriched	Cluster_DENV_Enriched	Cluster_DENV_Enriched	0.9991813396590689	0.9991813396590689
logistic_regression	SRR8908027	Cluster_DENV_Enriched	Cluster_DENV_Enriched	Cluster_DENV_Enriched	0.9977159079074304	0.9977159079074304
logistic_regression	SRR8908028	Cluster_Naive_Enriched	Cluster_Naive_Enriched	Cluster_DENV_Enriched	0.0005765294175951082	0.9994234705824049
logistic_regression	SRR8908029	Cluster_Naive_Enriched	Cluster_Naive_Enriched	Cluster_DENV_Enriched	0.00017995044022449492	0.9998200495597755
logistic_regression	SRR8908030	Cluster_Naive_Enriched	Cluster_Naive_Enriched	Cluster_DENV_Enriched	0.0011785793396959727	0.998821420660304
logistic_regression	SRR8908031	Cluster_Naive_Enriched	Cluster_Naive_Enriched	Cluster_DENV_Enriched	0.00016954064532650467	0.9998304593546735
logistic_regression	SRR8908032	Cluster_Naive_Enriched	Cluster_Naive_Enriched	Cluster_DENV_Enriched	0.0001429944929998145	0.9998570055070002
logistic_regression	SRR8908033	Cluster_Naive_Enriched	Cluster_Naive_Enriched	Cluster_DENV_Enriched	0.0010665873699175104	0.9989334126300825
logistic_regression	SRR8908034	Cluster_Naive_Enriched	Cluster_Naive_Enriched	Cluster_DENV_Enriched	0.0004946475323405268	0.9995053524676595
logistic_regression	SRR8908035	Cluster_Naive_Enriched	Cluster_Naive_Enriched	Cluster_DENV_Enriched	0.00042639537917166486	0.9995736046208283
logistic_regression	SRR8908036	Cluster_DENV_Enriched	Cluster_DENV_Enriched	Cluster_DENV_Enriched	0.9998185410743591	0.9998185410743591
logistic_regression	SRR8908037	Cluster_DENV_Enriched	Cluster_DENV_Enriched	Cluster_DENV_Enriched	0.9981323786631057	0.9981323786631057
logistic_regression	SRR8908038	Cluster_DENV_Enriched	Cluster_DENV_Enriched	Cluster_DENV_Enriched	0.9580349816197701	0.9580349816197701
logistic_regression	SRR8908039	Cluster_DENV_Enriched	Cluster_DENV_Enriched	Cluster_DENV_Enriched	0.9967372007748967	0.9967372007748967
logistic_regression	SRR8908040	Cluster_Naive_Enriched	Cluster_Naive_Enriched	Cluster_DENV_Enriched	6.63329214202464e-05	0.9999336670785798
logistic_regression	SRR8908041	Cluster_Naive_Enriched	Cluster_Naive_Enriched	Cluster_DENV_Enriched	0.00023248787221854034	0.9997675121277815
logistic_regression	SRR8908042	Cluster_Naive_Enriched	Cluster_Naive_Enriched	Cluster_DENV_Enriched	0.00043104075717222845	0.9995689592428277
logistic_regression	SRR8908043	Cluster_Naive_Enriched	Cluster_Naive_Enriched	Cluster_DENV_Enriched	0.0006994259097722918	0.9993005740902277
logistic_regression	SRR8908044	Cluster_Naive_Enriched	Cluster_Naive_Enriched	Cluster_DENV_Enriched	0.0003825482441195155	0.9996174517558805
logistic_regression	SRR8908045	Cluster_Naive_Enriched	Cluster_Naive_Enriched	Cluster_DENV_Enriched	0.00017345022217831385	0.9998265497778217
logistic_regression	SRR8908046	Cluster_Naive_Enriched	Cluster_Naive_Enriched	Cluster_DENV_Enriched	0.0006994635617464435	0.9993005364382536
logistic_regression	SRR8908047	Cluster_Naive_Enriched	Cluster_Naive_Enriched	Cluster_DENV_Enriched	0.00203665662098357	0.9979633433790164
logistic_regression	SRR8908048	Cluster_DENV_Enriched	Cluster_DENV_Enriched	Cluster_DENV_Enriched	0.9977982393996458	0.9977982393996458
logistic_regression	SRR8908049	Cluster_DENV_Enriched	Cluster_DENV_Enriched	Cluster_DENV_Enriched	0.9991562138713271	0.9991562138713271
logistic_regression	SRR8908050	Cluster_DENV_Enriched	Cluster_DENV_Enriched	Cluster_DENV_Enriched	0.9994884445584846	0.9994884445584846
logistic_regression	SRR8908051	Cluster_DENV_Enriched	Cluster_DENV_Enriched	Cluster_DENV_Enriched	0.99664115503312	0.99664115503312
logistic_regression	SRR8908052	Cluster_Naive_Enriched	Cluster_Naive_Enriched	Cluster_DENV_Enriched	0.2174212548173505	0.7825787451826495
logistic_regression	SRR8908053	Cluster_Naive_Enriched	Cluster_Naive_Enriched	Cluster_DENV_Enriched	0.01257255702516779	0.9874274429748322
logistic_regression	SRR8908054	Cluster_Naive_Enriched	Cluster_Naive_Enriched	Cluster_DENV_Enriched	0.011198912936338347	0.9888010870636617
logistic_regression	SRR8908055	Cluster_Naive_Enriched	Cluster_Naive_Enriched	Cluster_DENV_Enriched	0.01701022403095525	0.9829897759690448
logistic_regression	SRR8908056	Cluster_Naive_Enriched	Cluster_Naive_Enriched	Cluster_DENV_Enriched	0.010696289341151691	0.9893037106588483
logistic_regression	SRR8908057	Cluster_Naive_Enriched	Cluster_Naive_Enriched	Cluster_DENV_Enriched	0.0013438620893418247	0.9986561379106582
logistic_regression	SRR8908058	Cluster_Naive_Enriched	Cluster_Naive_Enriched	Cluster_DENV_Enriched	0.007522232711129305	0.9924777672888707
logistic_regression	SRR8908059	Cluster_Naive_Enriched	Cluster_Naive_Enriched	Cluster_DENV_Enriched	0.0324460803710085	0.9675539196289915
logistic_regression	SRR8908060	Cluster_DENV_Enriched	Cluster_DENV_Enriched	Cluster_DENV_Enriched	0.9996120346833981	0.9996120346833981
logistic_regression	SRR8908061	Cluster_DENV_Enriched	Cluster_DENV_Enriched	Cluster_DENV_Enriched	0.9987857531768681	0.9987857531768681
logistic_regression	SRR8908062	Cluster_DENV_Enriched	Cluster_DENV_Enriched	Cluster_DENV_Enriched	0.9805986074576908	0.9805986074576908
logistic_regression	SRR8908063	Cluster_DENV_Enriched	Cluster_DENV_Enriched	Cluster_DENV_Enriched	0.9924611532306371	0.9924611532306371
logistic_regression	SRR8908064	Cluster_Naive_Enriched	Cluster_Naive_Enriched	Cluster_DENV_Enriched	0.03585569364239015	0.9641443063576098
logistic_regression	SRR8908065	Cluster_Naive_Enriched	Cluster_Naive_Enriched	Cluster_DENV_Enriched	0.004649991573949953	0.99535000842605
logistic_regression	SRR8908066	Cluster_Naive_Enriched	Cluster_Naive_Enriched	Cluster_DENV_Enriched	0.004339851787341547	0.9956601482126585
logistic_regression	SRR8908067	Cluster_Naive_Enriched	Cluster_Naive_Enriched	Cluster_DENV_Enriched	0.013737651747167642	0.9862623482528323
logistic_regression	SRR8908068	Cluster_Naive_Enriched	Cluster_Naive_Enriched	Cluster_DENV_Enriched	0.0663293906514459	0.9336706093485541
logistic_regression	SRR8908069	Cluster_Naive_Enriched	Cluster_Naive_Enriched	Cluster_DENV_Enriched	0.015253933986762346	0.9847460660132377
logistic_regression	SRR8908070	Cluster_Naive_Enriched	Cluster_Naive_Enriched	Cluster_DENV_Enriched	0.0021527371089831086	0.9978472628910169
logistic_regression	SRR8908071	Cluster_Naive_Enriched	Cluster_Naive_Enriched	Cluster_DENV_Enriched	0.21443182328166294	0.7855681767183371
logistic_regression	SRR8908072	Cluster_DENV_Enriched	Cluster_DENV_Enriched	Cluster_DENV_Enriched	0.9590645440715404	0.9590645440715404
logistic_regression	SRR8908073	Cluster_DENV_Enriched	Cluster_DENV_Enriched	Cluster_DENV_Enriched	0.9929184389169506	0.9929184389169506
logistic_regression	SRR8908074	Cluster_DENV_Enriched	Cluster_DENV_Enriched	Cluster_DENV_Enriched	0.9999309821920849	0.9999309821920849
logistic_regression	SRR8908075	Cluster_DENV_Enriched	Cluster_DENV_Enriched	Cluster_DENV_Enriched	0.9995366747640705	0.9995366747640705
logistic_regression	SRR8908076	Cluster_Naive_Enriched	Cluster_Naive_Enriched	Cluster_DENV_Enriched	0.0004904130977322357	0.9995095869022678
logistic_regression	SRR8908077	Cluster_Naive_Enriched	Cluster_Naive_Enriched	Cluster_DENV_Enriched	5.6444359063488154e-05	0.9999435556409365
logistic_regression	SRR8908078	Cluster_Naive_Enriched	Cluster_Naive_Enriched	Cluster_DENV_Enriched	0.00020651984173046813	0.9997934801582695
logistic_regression	SRR8908079	Cluster_Naive_Enriched	Cluster_Naive_Enriched	Cluster_DENV_Enriched	0.00032146639452018867	0.9996785336054798
logistic_regression	SRR8908080	Cluster_Naive_Enriched	Cluster_Naive_Enriched	Cluster_DENV_Enriched	0.0001342603467869417	0.999865739653213
logistic_regression	SRR8908081	Cluster_Naive_Enriched	Cluster_Naive_Enriched	Cluster_DENV_Enriched	0.0005629556612062697	0.9994370443387938
logistic_regression	SRR8908082	Cluster_Naive_Enriched	Cluster_Naive_Enriched	Cluster_DENV_Enriched	4.409283185613939e-05	0.9999559071681439
logistic_regression	SRR8908083	Cluster_Naive_Enriched	Cluster_Naive_Enriched	Cluster_DENV_Enriched	0.002602570786687026	0.997397429213313
logistic_regression	SRR8908084	Cluster_DENV_Enriched	Cluster_DENV_Enriched	Cluster_DENV_Enriched	0.999672589374909	0.999672589374909
logistic_regression	SRR8908085	Cluster_DENV_Enriched	Cluster_DENV_Enriched	Cluster_DENV_Enriched	0.9992929422432671	0.9992929422432671
logistic_regression	SRR8908086	Cluster_DENV_Enriched	Cluster_DENV_Enriched	Cluster_DENV_Enriched	0.7141872395970973	0.7141872395970973
logistic_regression	SRR8908087	Cluster_DENV_Enriched	Cluster_DENV_Enriched	Cluster_DENV_Enriched	0.8982543175135095	0.8982543175135095
logistic_regression	SRR8908088	Cluster_Naive_Enriched	Cluster_Naive_Enriched	Cluster_DENV_Enriched	0.001759100752252631	0.9982408992477474
logistic_regression	SRR8908089	Cluster_Naive_Enriched	Cluster_Naive_Enriched	Cluster_DENV_Enriched	0.0006862440632651293	0.9993137559367349
logistic_regression	SRR8908090	Cluster_Naive_Enriched	Cluster_Naive_Enriched	Cluster_DENV_Enriched	0.00011304845051276657	0.9998869515494873
logistic_regression	SRR8908091	Cluster_Naive_Enriched	Cluster_Naive_Enriched	Cluster_DENV_Enriched	8.723624155355472e-05	0.9999127637584464
logistic_regression	SRR8908092	Cluster_Naive_Enriched	Cluster_Naive_Enriched	Cluster_DENV_Enriched	0.0003527339018695257	0.9996472660981305
logistic_regression	SRR8908093	Cluster_Naive_Enriched	Cluster_Naive_Enriched	Cluster_DENV_Enriched	0.0009922901815724642	0.9990077098184276
logistic_regression	SRR8908094	Cluster_Naive_Enriched	Cluster_Naive_Enriched	Cluster_DENV_Enriched	0.0009543826605281613	0.9990456173394718
logistic_regression	SRR8908095	Cluster_Naive_Enriched	Cluster_Naive_Enriched	Cluster_DENV_Enriched	0.0008052615943231633	0.9991947384056769
logistic_regression	SRR8908096	Cluster_DENV_Enriched	Cluster_DENV_Enriched	Cluster_DENV_Enriched	0.940855433993517	0.940855433993517
logistic_regression	SRR8908097	Cluster_DENV_Enriched	Cluster_DENV_Enriched	Cluster_DENV_Enriched	0.9811338783704223	0.9811338783704223
logistic_regression	SRR8908098	Cluster_DENV_Enriched	Cluster_DENV_Enriched	Cluster_DENV_Enriched	0.9902224919037187	0.9902224919037187
logistic_regression	SRR8908099	Cluster_DENV_Enriched	Cluster_DENV_Enriched	Cluster_DENV_Enriched	0.9691965785795432	0.9691965785795432
logistic_regression	SRR8908100	Cluster_Naive_Enriched	Cluster_Naive_Enriched	Cluster_DENV_Enriched	0.26904492711292743	0.7309550728870726
logistic_regression	SRR8908101	Cluster_Naive_Enriched	Cluster_Naive_Enriched	Cluster_DENV_Enriched	0.012495459898741903	0.9875045401012581
logistic_regression	SRR8908102	Cluster_Naive_Enriched	Cluster_Naive_Enriched	Cluster_DENV_Enriched	0.05935759273229854	0.9406424072677014
logistic_regression	SRR8908103	Cluster_Naive_Enriched	Cluster_Naive_Enriched	Cluster_DENV_Enriched	0.005324084445025389	0.9946759155549746
logistic_regression	SRR8908104	Cluster_Naive_Enriched	Cluster_Naive_Enriched	Cluster_DENV_Enriched	0.16401172853983323	0.8359882714601667
logistic_regression	SRR8908105	Cluster_Naive_Enriched	Cluster_Naive_Enriched	Cluster_DENV_Enriched	0.04868506348236363	0.9513149365176363
logistic_regression	SRR8908106	Cluster_Naive_Enriched	Cluster_Naive_Enriched	Cluster_DENV_Enriched	0.022174381907748664	0.9778256180922513
logistic_regression	SRR8908107	Cluster_Naive_Enriched	Cluster_Naive_Enriched	Cluster_DENV_Enriched	0.0949248026655724	0.9050751973344275
logistic_regression	SRR8908108	Cluster_DENV_Enriched	Cluster_DENV_Enriched	Cluster_DENV_Enriched	0.9984590781625938	0.9984590781625938
logistic_regression	SRR8908109	Cluster_DENV_Enriched	Cluster_DENV_Enriched	Cluster_DENV_Enriched	0.9982802949690647	0.9982802949690647
logistic_regression	SRR8908110	Cluster_DENV_Enriched	Cluster_DENV_Enriched	Cluster_DENV_Enriched	0.943333919068329	0.943333919068329
logistic_regression	SRR8908111	Cluster_DENV_Enriched	Cluster_DENV_Enriched	Cluster_DENV_Enriched	0.9438363669438917	0.9438363669438917
logistic_regression	SRR8908112	Cluster_Naive_Enriched	Cluster_Naive_Enriched	Cluster_DENV_Enriched	0.0016661223297629757	0.9983338776702371
logistic_regression	SRR8908113	Cluster_Naive_Enriched	Cluster_Naive_Enriched	Cluster_DENV_Enriched	0.0019046612683507455	0.9980953387316492
logistic_regression	SRR8908114	Cluster_Naive_Enriched	Cluster_Naive_Enriched	Cluster_DENV_Enriched	0.006269378138889724	0.9937306218611103
logistic_regression	SRR8908115	Cluster_Naive_Enriched	Cluster_Naive_Enriched	Cluster_DENV_Enriched	0.000292119347883526	0.9997078806521165
logistic_regression	SRR8908116	Cluster_Naive_Enriched	Cluster_Naive_Enriched	Cluster_DENV_Enriched	0.0006363950934613388	0.9993636049065386
logistic_regression	SRR8908117	Cluster_Naive_Enriched	Cluster_Naive_Enriched	Cluster_DENV_Enriched	0.0006168299676563025	0.9993831700323437
logistic_regression	SRR8908118	Cluster_Naive_Enriched	Cluster_Naive_Enriched	Cluster_DENV_Enriched	0.0002775333950930085	0.999722466604907
logistic_regression	SRR8908119	Cluster_Naive_Enriched	Cluster_Naive_Enriched	Cluster_DENV_Enriched	0.00038881866664909365	0.9996111813333509
logistic_regression	SRR8908120	Cluster_DENV_Enriched	Cluster_DENV_Enriched	Cluster_DENV_Enriched	0.9957749652913438	0.9957749652913438
logistic_regression	SRR8908121	Cluster_DENV_Enriched	Cluster_DENV_Enriched	Cluster_DENV_Enriched	0.992610092007829	0.992610092007829
logistic_regression	SRR8908122	Cluster_DENV_Enriched	Cluster_DENV_Enriched	Cluster_DENV_Enriched	0.9991869707474089	0.9991869707474089
logistic_regression	SRR8908123	Cluster_DENV_Enriched	Cluster_DENV_Enriched	Cluster_DENV_Enriched	0.9994377903962567	0.9994377903962567
logistic_regression	SRR8908124	Cluster_Naive_Enriched	Cluster_Naive_Enriched	Cluster_DENV_Enriched	0.07080045516480407	0.929199544835196
logistic_regression	SRR8908125	Cluster_Naive_Enriched	Cluster_Naive_Enriched	Cluster_DENV_Enriched	0.0026124647042096577	0.9973875352957904
logistic_regression	SRR8908126	Cluster_Naive_Enriched	Cluster_Naive_Enriched	Cluster_DENV_Enriched	0.04048898694086526	0.9595110130591348
logistic_regression	SRR8908127	Cluster_Naive_Enriched	Cluster_Naive_Enriched	Cluster_DENV_Enriched	0.46581428321582696	0.534185716784173
logistic_regression	SRR8908128	Cluster_Naive_Enriched	Cluster_Naive_Enriched	Cluster_DENV_Enriched	0.001575352371066413	0.9984246476289336
logistic_regression	SRR8908129	Cluster_Naive_Enriched	Cluster_Naive_Enriched	Cluster_DENV_Enriched	0.04104938474077836	0.9589506152592217
logistic_regression	SRR8908130	Cluster_Naive_Enriched	Cluster_Naive_Enriched	Cluster_DENV_Enriched	0.022894608037223003	0.977105391962777
logistic_regression	SRR8908131	Cluster_Naive_Enriched	Cluster_Naive_Enriched	Cluster_DENV_Enriched	0.011662115690986534	0.9883378843090135
logistic_regression	SRR8908132	Cluster_DENV_Enriched	Cluster_DENV_Enriched	Cluster_DENV_Enriched	0.9998067485540898	0.9998067485540898
logistic_regression	SRR8908133	Cluster_DENV_Enriched	Cluster_DENV_Enriched	Cluster_DENV_Enriched	0.999846547156878	0.999846547156878
logistic_regression	SRR8908134	Cluster_DENV_Enriched	Cluster_DENV_Enriched	Cluster_DENV_Enriched	0.999799735299243	0.999799735299243
logistic_regression	SRR8908135	Cluster_DENV_Enriched	Cluster_DENV_Enriched	Cluster_DENV_Enriched	0.9998399441442658	0.9998399441442658
logistic_regression	SRR8908136	Cluster_Naive_Enriched	Cluster_Naive_Enriched	Cluster_DENV_Enriched	0.005826090832275061	0.994173909167725
logistic_regression	SRR8908137	Cluster_Naive_Enriched	Cluster_Naive_Enriched	Cluster_DENV_Enriched	0.05388315326566331	0.9461168467343367
logistic_regression	SRR8908138	Cluster_Naive_Enriched	Cluster_Naive_Enriched	Cluster_DENV_Enriched	0.006017760844760208	0.9939822391552398
logistic_regression	SRR8908139	Cluster_Naive_Enriched	Cluster_Naive_Enriched	Cluster_DENV_Enriched	0.007862784571632439	0.9921372154283675
logistic_regression	SRR8908140	Cluster_Naive_Enriched	Cluster_Naive_Enriched	Cluster_DENV_Enriched	0.047060595258182236	0.9529394047418178
logistic_regression	SRR8908141	Cluster_Naive_Enriched	Cluster_Naive_Enriched	Cluster_DENV_Enriched	0.014145411258782381	0.9858545887412176
logistic_regression	SRR8908142	Cluster_Naive_Enriched	Cluster_Naive_Enriched	Cluster_DENV_Enriched	0.010761942231093766	0.9892380577689063
logistic_regression	SRR8908143	Cluster_Naive_Enriched	Cluster_Naive_Enriched	Cluster_DENV_Enriched	0.015034171767618938	0.9849658282323811
logistic_regression	SRR8908144	Cluster_DENV_Enriched	Cluster_DENV_Enriched	Cluster_DENV_Enriched	0.9978718589406942	0.9978718589406942
logistic_regression	SRR8908145	Cluster_DENV_Enriched	Cluster_DENV_Enriched	Cluster_DENV_Enriched	0.9993024427843386	0.9993024427843386
logistic_regression	SRR8908146	Cluster_DENV_Enriched	Cluster_DENV_Enriched	Cluster_DENV_Enriched	0.9998299942978975	0.9998299942978975
logistic_regression	SRR8908147	Cluster_DENV_Enriched	Cluster_DENV_Enriched	Cluster_DENV_Enriched	0.9999626788419999	0.9999626788419999
logistic_regression	SRR8908148	Cluster_Naive_Enriched	Cluster_Naive_Enriched	Cluster_DENV_Enriched	0.003483754301074473	0.9965162456989255
logistic_regression	SRR8908149	Cluster_Naive_Enriched	Cluster_Naive_Enriched	Cluster_DENV_Enriched	0.003246702750570005	0.99675329724943
logistic_regression	SRR8908150	Cluster_Naive_Enriched	Cluster_Naive_Enriched	Cluster_DENV_Enriched	0.0004962090126361686	0.9995037909873639
logistic_regression	SRR8908151	Cluster_Naive_Enriched	Cluster_Naive_Enriched	Cluster_DENV_Enriched	0.0003160273200971859	0.9996839726799028
logistic_regression	SRR8908152	Cluster_Naive_Enriched	Cluster_Naive_Enriched	Cluster_DENV_Enriched	0.0013173441964236985	0.9986826558035763
logistic_regression	SRR8908153	Cluster_Naive_Enriched	Cluster_Naive_Enriched	Cluster_DENV_Enriched	0.0007801523610699878	0.99921984763893
logistic_regression	SRR8908154	Cluster_Naive_Enriched	Cluster_Naive_Enriched	Cluster_DENV_Enriched	0.0004521582247990214	0.999547841775201
logistic_regression	SRR8908155	Cluster_Naive_Enriched	Cluster_Naive_Enriched	Cluster_DENV_Enriched	0.0025884262782755406	0.9974115737217245
logistic_regression	SRR8908156	Cluster_DENV_Enriched	Cluster_DENV_Enriched	Cluster_DENV_Enriched	0.9870019622673228	0.9870019622673228
logistic_regression	SRR8908157	Cluster_DENV_Enriched	Cluster_DENV_Enriched	Cluster_DENV_Enriched	0.9939071098360958	0.9939071098360958
logistic_regression	SRR8908158	Cluster_DENV_Enriched	Cluster_DENV_Enriched	Cluster_DENV_Enriched	0.9991287372190647	0.9991287372190647
logistic_regression	SRR8908159	Cluster_DENV_Enriched	Cluster_DENV_Enriched	Cluster_DENV_Enriched	0.9994254305299978	0.9994254305299978
logistic_regression	SRR8908160	Cluster_Naive_Enriched	Cluster_Naive_Enriched	Cluster_DENV_Enriched	0.01096385118776636	0.9890361488122337
logistic_regression	SRR8908161	Cluster_Naive_Enriched	Cluster_Naive_Enriched	Cluster_DENV_Enriched	0.11253203162957044	0.8874679683704295
logistic_regression	SRR8908162	Cluster_Naive_Enriched	Cluster_Naive_Enriched	Cluster_DENV_Enriched	0.03356747584438193	0.9664325241556181
logistic_regression	SRR8908163	Cluster_Naive_Enriched	Cluster_Naive_Enriched	Cluster_DENV_Enriched	0.10801427024264157	0.8919857297573585
logistic_regression	SRR8908164	Cluster_Naive_Enriched	Cluster_Naive_Enriched	Cluster_DENV_Enriched	0.028998203703297136	0.9710017962967029
logistic_regression	SRR8908165	Cluster_Naive_Enriched	Cluster_Naive_Enriched	Cluster_DENV_Enriched	0.04325704161012476	0.9567429583898752
logistic_regression	SRR8908166	Cluster_Naive_Enriched	Cluster_Naive_Enriched	Cluster_DENV_Enriched	0.001142329137916328	0.9988576708620837
logistic_regression	SRR8908167	Cluster_Naive_Enriched	Cluster_Naive_Enriched	Cluster_DENV_Enriched	0.00510664885163406	0.994893351148366
logistic_regression	SRR8908168	Cluster_DENV_Enriched	Cluster_DENV_Enriched	Cluster_DENV_Enriched	0.999664134817855	0.999664134817855
logistic_regression	SRR8908169	Cluster_DENV_Enriched	Cluster_DENV_Enriched	Cluster_DENV_Enriched	0.9994196356813739	0.9994196356813739
logistic_regression	SRR8908170	Cluster_DENV_Enriched	Cluster_DENV_Enriched	Cluster_DENV_Enriched	0.993694488809253	0.993694488809253
logistic_regression	SRR8908171	Cluster_DENV_Enriched	Cluster_DENV_Enriched	Cluster_DENV_Enriched	0.997352457234381	0.997352457234381
logistic_regression	SRR8908172	Cluster_DENV_Enriched	Cluster_DENV_Enriched	Cluster_DENV_Enriched	0.9748177190568921	0.9748177190568921
logistic_regression	SRR8908173	Cluster_DENV_Enriched	Cluster_DENV_Enriched	Cluster_DENV_Enriched	0.8320265637259986	0.8320265637259986
logistic_regression	SRR8908174	Cluster_DENV_Enriched	Cluster_DENV_Enriched	Cluster_DENV_Enriched	0.8937631176091372	0.8937631176091372
logistic_regression	SRR8908175	Cluster_DENV_Enriched	Cluster_DENV_Enriched	Cluster_DENV_Enriched	0.7583276244632764	0.7583276244632764
logistic_regression	SRR8908176	Cluster_DENV_Enriched	Cluster_DENV_Enriched	Cluster_DENV_Enriched	0.9493636374240405	0.9493636374240405
logistic_regression	SRR8908177	Cluster_DENV_Enriched	Cluster_DENV_Enriched	Cluster_DENV_Enriched	0.980606578914569	0.980606578914569
logistic_regression	SRR8908178	Cluster_DENV_Enriched	Cluster_DENV_Enriched	Cluster_DENV_Enriched	0.8748178877070965	0.8748178877070965
logistic_regression	SRR8908179	Cluster_DENV_Enriched	Cluster_DENV_Enriched	Cluster_DENV_Enriched	0.9391924757246165	0.9391924757246165
logistic_regression	SRR8908180	Cluster_DENV_Enriched	Cluster_DENV_Enriched	Cluster_DENV_Enriched	0.9998398492534794	0.9998398492534794
logistic_regression	SRR8908181	Cluster_DENV_Enriched	Cluster_DENV_Enriched	Cluster_DENV_Enriched	0.9998886249561613	0.9998886249561613
logistic_regression	SRR8908182	Cluster_DENV_Enriched	Cluster_DENV_Enriched	Cluster_DENV_Enriched	0.9997991953308618	0.9997991953308618
logistic_regression	SRR8908183	Cluster_DENV_Enriched	Cluster_DENV_Enriched	Cluster_DENV_Enriched	0.9997519696509022	0.9997519696509022
logistic_regression	SRR8908184	Cluster_Naive_Enriched	Cluster_Naive_Enriched	Cluster_DENV_Enriched	0.0008773078025874261	0.9991226921974126
logistic_regression	SRR8908185	Cluster_Naive_Enriched	Cluster_Naive_Enriched	Cluster_DENV_Enriched	0.0013944769656727414	0.9986055230343273
logistic_regression	SRR8908186	Cluster_Naive_Enriched	Cluster_Naive_Enriched	Cluster_DENV_Enriched	0.0005707009782917438	0.9994292990217083
logistic_regression	SRR8908187	Cluster_Naive_Enriched	Cluster_Naive_Enriched	Cluster_DENV_Enriched	0.005304259909110468	0.9946957400908896
logistic_regression	SRR8908188	Cluster_Naive_Enriched	Cluster_Naive_Enriched	Cluster_DENV_Enriched	6.414897882739846e-05	0.9999358510211726
logistic_regression	SRR8908189	Cluster_Naive_Enriched	Cluster_Naive_Enriched	Cluster_DENV_Enriched	9.308832890560597e-05	0.9999069116710944
logistic_regression	SRR8908190	Cluster_Naive_Enriched	Cluster_Naive_Enriched	Cluster_DENV_Enriched	0.00021129670368041906	0.9997887032963196
logistic_regression	SRR8908191	Cluster_Naive_Enriched	Cluster_Naive_Enriched	Cluster_DENV_Enriched	0.005517454460102792	0.9944825455398972
logistic_regression	SRR8908192	Cluster_DENV_Enriched	Cluster_DENV_Enriched	Cluster_DENV_Enriched	0.999744408788407	0.999744408788407
logistic_regression	SRR8908193	Cluster_DENV_Enriched	Cluster_DENV_Enriched	Cluster_DENV_Enriched	0.9988295036806131	0.9988295036806131
logistic_regression	SRR8908194	Cluster_DENV_Enriched	Cluster_DENV_Enriched	Cluster_DENV_Enriched	0.9994852654402668	0.9994852654402668
logistic_regression	SRR8908195	Cluster_DENV_Enriched	Cluster_DENV_Enriched	Cluster_DENV_Enriched	0.9998870302255579	0.9998870302255579
logistic_regression	SRR8908196	Cluster_Naive_Enriched	Cluster_Naive_Enriched	Cluster_DENV_Enriched	0.04625861832857572	0.9537413816714243
logistic_regression	SRR8908197	Cluster_Naive_Enriched	Cluster_Naive_Enriched	Cluster_DENV_Enriched	0.12858627287627614	0.8714137271237239
logistic_regression	SRR8908198	Cluster_Naive_Enriched	Cluster_Naive_Enriched	Cluster_DENV_Enriched	0.08409369867063522	0.9159063013293648
logistic_regression	SRR8908199	Cluster_Naive_Enriched	Cluster_Naive_Enriched	Cluster_DENV_Enriched	0.11844614208877016	0.8815538579112299
logistic_regression	SRR8908200	Cluster_Naive_Enriched	Cluster_Naive_Enriched	Cluster_DENV_Enriched	0.01755540950640354	0.9824445904935964
logistic_regression	SRR8908201	Cluster_Naive_Enriched	Cluster_Naive_Enriched	Cluster_DENV_Enriched	0.03570310688972144	0.9642968931102786
logistic_regression	SRR8908202	Cluster_Naive_Enriched	Cluster_Naive_Enriched	Cluster_DENV_Enriched	0.011225860671062848	0.9887741393289371
logistic_regression	SRR8908203	Cluster_Naive_Enriched	Cluster_Naive_Enriched	Cluster_DENV_Enriched	0.020011052001059782	0.9799889479989402
logistic_regression	SRR8908204	Cluster_DENV_Enriched	Cluster_DENV_Enriched	Cluster_DENV_Enriched	0.9962548268727648	0.9962548268727648
logistic_regression	SRR8908205	Cluster_DENV_Enriched	Cluster_DENV_Enriched	Cluster_DENV_Enriched	0.9993981207131439	0.9993981207131439
logistic_regression	SRR8908206	Cluster_DENV_Enriched	Cluster_DENV_Enriched	Cluster_DENV_Enriched	0.9954273585011558	0.9954273585011558
logistic_regression	SRR8908207	Cluster_DENV_Enriched	Cluster_DENV_Enriched	Cluster_DENV_Enriched	0.9856195725340519	0.9856195725340519
logistic_regression	SRR8908208	Cluster_Naive_Enriched	Cluster_Naive_Enriched	Cluster_DENV_Enriched	0.00036347549939207455	0.9996365245006079
logistic_regression	SRR8908209	Cluster_Naive_Enriched	Cluster_Naive_Enriched	Cluster_DENV_Enriched	0.0005536191182186601	0.9994463808817814
logistic_regression	SRR8908210	Cluster_Naive_Enriched	Cluster_Naive_Enriched	Cluster_DENV_Enriched	0.000106746534751434	0.9998932534652486
logistic_regression	SRR8908211	Cluster_Naive_Enriched	Cluster_Naive_Enriched	Cluster_DENV_Enriched	0.00029503920167308283	0.9997049607983269
logistic_regression	SRR8908212	Cluster_Naive_Enriched	Cluster_Naive_Enriched	Cluster_DENV_Enriched	0.00011024537112947759	0.9998897546288705
logistic_regression	SRR8908213	Cluster_Naive_Enriched	Cluster_Naive_Enriched	Cluster_DENV_Enriched	0.00018711105188503737	0.9998128889481149
logistic_regression	SRR8908214	Cluster_Naive_Enriched	Cluster_Naive_Enriched	Cluster_DENV_Enriched	0.00020001038907160683	0.9997999896109284
logistic_regression	SRR8908215	Cluster_Naive_Enriched	Cluster_Naive_Enriched	Cluster_DENV_Enriched	0.0002768190007310513	0.9997231809992689
logistic_regression	SRR8908216	Cluster_DENV_Enriched	Cluster_DENV_Enriched	Cluster_DENV_Enriched	0.9975656336794945	0.9975656336794945
logistic_regression	SRR8908217	Cluster_DENV_Enriched	Cluster_DENV_Enriched	Cluster_DENV_Enriched	0.9960010409899523	0.9960010409899523
logistic_regression	SRR8908218	Cluster_DENV_Enriched	Cluster_DENV_Enriched	Cluster_DENV_Enriched	0.9995570011274988	0.9995570011274988
logistic_regression	SRR8908219	Cluster_DENV_Enriched	Cluster_DENV_Enriched	Cluster_DENV_Enriched	0.9991786506400866	0.9991786506400866
logistic_regression	SRR8908220	Cluster_Naive_Enriched	Cluster_Naive_Enriched	Cluster_DENV_Enriched	0.01813000040007193	0.981869999599928
logistic_regression	SRR8908221	Cluster_Naive_Enriched	Cluster_Naive_Enriched	Cluster_DENV_Enriched	0.11478276760311962	0.8852172323968803
logistic_regression	SRR8908222	Cluster_Naive_Enriched	Cluster_Naive_Enriched	Cluster_DENV_Enriched	0.005200278579613748	0.9947997214203863
logistic_regression	SRR8908223	Cluster_Naive_Enriched	Cluster_Naive_Enriched	Cluster_DENV_Enriched	0.002111952186128463	0.9978880478138715
logistic_regression	SRR8908224	Cluster_Naive_Enriched	Cluster_Naive_Enriched	Cluster_DENV_Enriched	0.039091653602076316	0.9609083463979237
logistic_regression	SRR8908225	Cluster_Naive_Enriched	Cluster_Naive_Enriched	Cluster_DENV_Enriched	0.005692453160914209	0.9943075468390858
logistic_regression	SRR8908226	Cluster_Naive_Enriched	Cluster_Naive_Enriched	Cluster_DENV_Enriched	0.001705301540457303	0.9982946984595427
logistic_regression	SRR8908227	Cluster_Naive_Enriched	Cluster_Naive_Enriched	Cluster_DENV_Enriched	0.003768366193566816	0.9962316338064332
logistic_regression	SRR8908228	Cluster_DENV_Enriched	Cluster_DENV_Enriched	Cluster_DENV_Enriched	0.9993192242667511	0.9993192242667511
logistic_regression	SRR8908229	Cluster_DENV_Enriched	Cluster_DENV_Enriched	Cluster_DENV_Enriched	0.9987974071026515	0.9987974071026515
logistic_regression	SRR8908230	Cluster_DENV_Enriched	Cluster_DENV_Enriched	Cluster_DENV_Enriched	0.9999657883161271	0.9999657883161271
logistic_regression	SRR8908231	Cluster_DENV_Enriched	Cluster_DENV_Enriched	Cluster_DENV_Enriched	0.9999942768931397	0.9999942768931397
logistic_regression	SRR8908232	Cluster_Naive_Enriched	Cluster_Naive_Enriched	Cluster_DENV_Enriched	0.00036581334046686026	0.9996341866595332
logistic_regression	SRR8908233	Cluster_Naive_Enriched	Cluster_Naive_Enriched	Cluster_DENV_Enriched	0.00011333801319552744	0.9998866619868044
logistic_regression	SRR8908234	Cluster_Naive_Enriched	Cluster_Naive_Enriched	Cluster_DENV_Enriched	4.284594209348674e-06	0.9999957154057907
logistic_regression	SRR8908235	Cluster_Naive_Enriched	Cluster_Naive_Enriched	Cluster_DENV_Enriched	5.288209439038238e-05	0.9999471179056096
logistic_regression	SRR8908236	Cluster_Naive_Enriched	Cluster_Naive_Enriched	Cluster_DENV_Enriched	5.875610887331204e-05	0.9999412438911267
logistic_regression	SRR8908237	Cluster_Naive_Enriched	Cluster_Naive_Enriched	Cluster_DENV_Enriched	4.3637408841734965e-05	0.9999563625911583
logistic_regression	SRR8908238	Cluster_Naive_Enriched	Cluster_Naive_Enriched	Cluster_DENV_Enriched	2.8760603091998775e-05	0.999971239396908
logistic_regression	SRR8908239	Cluster_Naive_Enriched	Cluster_Naive_Enriched	Cluster_DENV_Enriched	0.0003457807473809689	0.999654219252619
logistic_regression	SRR8908240	Cluster_DENV_Enriched	Cluster_DENV_Enriched	Cluster_DENV_Enriched	0.9984877721085443	0.9984877721085443
logistic_regression	SRR8908241	Cluster_DENV_Enriched	Cluster_DENV_Enriched	Cluster_DENV_Enriched	0.9997834208374524	0.9997834208374524
logistic_regression	SRR8908242	Cluster_DENV_Enriched	Cluster_DENV_Enriched	Cluster_DENV_Enriched	0.9529371409111312	0.9529371409111312
logistic_regression	SRR8908243	Cluster_DENV_Enriched	Cluster_DENV_Enriched	Cluster_DENV_Enriched	0.9987006222410394	0.9987006222410394
logistic_regression	SRR8908244	Cluster_DENV_Enriched	Cluster_DENV_Enriched	Cluster_DENV_Enriched	0.9284161085720065	0.9284161085720065
logistic_regression	SRR8908245	Cluster_DENV_Enriched	Cluster_DENV_Enriched	Cluster_DENV_Enriched	0.5794874653385962	0.5794874653385962
logistic_regression	SRR8908246	Cluster_DENV_Enriched	Cluster_DENV_Enriched	Cluster_DENV_Enriched	0.8231851556437751	0.8231851556437751
logistic_regression	SRR8908247	Cluster_DENV_Enriched	Cluster_DENV_Enriched	Cluster_DENV_Enriched	0.7682369272201486	0.7682369272201486
logistic_regression	SRR8908248	Cluster_DENV_Enriched	Cluster_DENV_Enriched	Cluster_DENV_Enriched	0.8900071904716942	0.8900071904716942
logistic_regression	SRR8908249	Cluster_DENV_Enriched	Cluster_DENV_Enriched	Cluster_DENV_Enriched	0.8869998009482323	0.8869998009482323
logistic_regression	SRR8908250	Cluster_DENV_Enriched	Cluster_DENV_Enriched	Cluster_DENV_Enriched	0.9601885049478402	0.9601885049478402
logistic_regression	SRR8908251	Cluster_DENV_Enriched	Cluster_Naive_Enriched	Cluster_DENV_Enriched	0.32589158319332306	0.32589158319332306
logistic_regression	SRR8908252	Cluster_DENV_Enriched	Cluster_DENV_Enriched	Cluster_DENV_Enriched	0.9996156189983624	0.9996156189983624
logistic_regression	SRR8908253	Cluster_DENV_Enriched	Cluster_DENV_Enriched	Cluster_DENV_Enriched	0.9999424168207405	0.9999424168207405
logistic_regression	SRR8908254	Cluster_DENV_Enriched	Cluster_DENV_Enriched	Cluster_DENV_Enriched	0.993192763652326	0.993192763652326
logistic_regression	SRR8908255	Cluster_DENV_Enriched	Cluster_DENV_Enriched	Cluster_DENV_Enriched	0.9980561133665626	0.9980561133665626
logistic_regression	SRR8908256	Cluster_Naive_Enriched	Cluster_Naive_Enriched	Cluster_DENV_Enriched	0.0012680737636490587	0.998731926236351
logistic_regression	SRR8908257	Cluster_Naive_Enriched	Cluster_Naive_Enriched	Cluster_DENV_Enriched	0.015904138473429003	0.984095861526571
logistic_regression	SRR8908258	Cluster_Naive_Enriched	Cluster_Naive_Enriched	Cluster_DENV_Enriched	0.002664550448339349	0.9973354495516606
logistic_regression	SRR8908259	Cluster_Naive_Enriched	Cluster_Naive_Enriched	Cluster_DENV_Enriched	0.005925487071276217	0.9940745129287237
logistic_regression	SRR8908260	Cluster_Naive_Enriched	Cluster_Naive_Enriched	Cluster_DENV_Enriched	0.0032796046804915574	0.9967203953195084
logistic_regression	SRR8908261	Cluster_Naive_Enriched	Cluster_Naive_Enriched	Cluster_DENV_Enriched	0.0004276826442539212	0.999572317355746
logistic_regression	SRR8908262	Cluster_Naive_Enriched	Cluster_Naive_Enriched	Cluster_DENV_Enriched	0.015623220902092273	0.9843767790979078
logistic_regression	SRR8908263	Cluster_Naive_Enriched	Cluster_Naive_Enriched	Cluster_DENV_Enriched	0.007830170919850258	0.9921698290801497
logistic_regression	SRR8908264	Cluster_DENV_Enriched	Cluster_DENV_Enriched	Cluster_DENV_Enriched	0.9997609925436394	0.9997609925436394
logistic_regression	SRR8908265	Cluster_DENV_Enriched	Cluster_DENV_Enriched	Cluster_DENV_Enriched	0.9996323597328052	0.9996323597328052
logistic_regression	SRR8908266	Cluster_DENV_Enriched	Cluster_DENV_Enriched	Cluster_DENV_Enriched	0.9969294643997391	0.9969294643997391
logistic_regression	SRR8908267	Cluster_DENV_Enriched	Cluster_DENV_Enriched	Cluster_DENV_Enriched	0.996269946897286	0.996269946897286
logistic_regression	SRR8908268	Cluster_Naive_Enriched	Cluster_Naive_Enriched	Cluster_DENV_Enriched	0.0019198342880171687	0.9980801657119829
logistic_regression	SRR8908269	Cluster_Naive_Enriched	Cluster_Naive_Enriched	Cluster_DENV_Enriched	0.0030168905225661908	0.9969831094774338
logistic_regression	SRR8908270	Cluster_Naive_Enriched	Cluster_Naive_Enriched	Cluster_DENV_Enriched	0.014112008326532774	0.9858879916734672
logistic_regression	SRR8908271	Cluster_Naive_Enriched	Cluster_Naive_Enriched	Cluster_DENV_Enriched	0.007821442712567803	0.9921785572874322
logistic_regression	SRR8908272	Cluster_Naive_Enriched	Cluster_Naive_Enriched	Cluster_DENV_Enriched	0.0176207868180799	0.9823792131819201
logistic_regression	SRR8908273	Cluster_Naive_Enriched	Cluster_Naive_Enriched	Cluster_DENV_Enriched	0.028963374334541263	0.9710366256654588
logistic_regression	SRR8908274	Cluster_Naive_Enriched	Cluster_Naive_Enriched	Cluster_DENV_Enriched	0.016720938996143152	0.9832790610038569
logistic_regression	SRR8908275	Cluster_Naive_Enriched	Cluster_Naive_Enriched	Cluster_DENV_Enriched	0.0008544166319334282	0.9991455833680666
logistic_regression	SRR8908276	Cluster_DENV_Enriched	Cluster_DENV_Enriched	Cluster_DENV_Enriched	0.9858297300501765	0.9858297300501765
logistic_regression	SRR8908277	Cluster_DENV_Enriched	Cluster_DENV_Enriched	Cluster_DENV_Enriched	0.9946295340916453	0.9946295340916453
logistic_regression	SRR8908278	Cluster_DENV_Enriched	Cluster_DENV_Enriched	Cluster_DENV_Enriched	0.9691060042498382	0.9691060042498382
logistic_regression	SRR8908279	Cluster_DENV_Enriched	Cluster_DENV_Enriched	Cluster_DENV_Enriched	0.9958727808753512	0.9958727808753512
logistic_regression	SRR8908280	Cluster_Naive_Enriched	Cluster_Naive_Enriched	Cluster_DENV_Enriched	0.026512229225879206	0.9734877707741207
logistic_regression	SRR8908281	Cluster_Naive_Enriched	Cluster_Naive_Enriched	Cluster_DENV_Enriched	0.000185294489444229	0.9998147055105557
logistic_regression	SRR8908282	Cluster_Naive_Enriched	Cluster_Naive_Enriched	Cluster_DENV_Enriched	0.01133899711451424	0.9886610028854858
logistic_regression	SRR8908283	Cluster_Naive_Enriched	Cluster_Naive_Enriched	Cluster_DENV_Enriched	0.0013229642254033688	0.9986770357745967
logistic_regression	SRR8908284	Cluster_Naive_Enriched	Cluster_Naive_Enriched	Cluster_DENV_Enriched	0.035628724869537685	0.9643712751304623
logistic_regression	SRR8908285	Cluster_Naive_Enriched	Cluster_Naive_Enriched	Cluster_DENV_Enriched	0.006538702818928991	0.993461297181071
logistic_regression	SRR8908286	Cluster_Naive_Enriched	Cluster_Naive_Enriched	Cluster_DENV_Enriched	0.0035773725405007406	0.9964226274594993
logistic_regression	SRR8908287	Cluster_Naive_Enriched	Cluster_Naive_Enriched	Cluster_DENV_Enriched	0.08943934823769407	0.9105606517623059
logistic_regression	SRR8908288	Cluster_DENV_Enriched	Cluster_DENV_Enriched	Cluster_DENV_Enriched	0.9992091635459079	0.9992091635459079
logistic_regression	SRR8908289	Cluster_DENV_Enriched	Cluster_DENV_Enriched	Cluster_DENV_Enriched	0.9948586081373936	0.9948586081373936
logistic_regression	SRR8908290	Cluster_DENV_Enriched	Cluster_DENV_Enriched	Cluster_DENV_Enriched	0.9998962195407618	0.9998962195407618
logistic_regression	SRR8908291	Cluster_DENV_Enriched	Cluster_DENV_Enriched	Cluster_DENV_Enriched	0.9999980205888467	0.9999980205888467
logistic_regression	SRR8908292	Cluster_Naive_Enriched	Cluster_Naive_Enriched	Cluster_DENV_Enriched	0.0008945506959299669	0.9991054493040701
logistic_regression	SRR8908293	Cluster_Naive_Enriched	Cluster_Naive_Enriched	Cluster_DENV_Enriched	0.0005770234864064631	0.9994229765135936
logistic_regression	SRR8908294	Cluster_Naive_Enriched	Cluster_Naive_Enriched	Cluster_DENV_Enriched	0.00078740025428992	0.9992125997457101
logistic_regression	SRR8908295	Cluster_Naive_Enriched	Cluster_Naive_Enriched	Cluster_DENV_Enriched	0.0005722378786852635	0.9994277621213148
logistic_regression	SRR8908296	Cluster_Naive_Enriched	Cluster_Naive_Enriched	Cluster_DENV_Enriched	0.0009842942390281659	0.9990157057609719
logistic_regression	SRR8908297	Cluster_Naive_Enriched	Cluster_Naive_Enriched	Cluster_DENV_Enriched	0.0019488590894229903	0.998051140910577
logistic_regression	SRR8908298	Cluster_Naive_Enriched	Cluster_Naive_Enriched	Cluster_DENV_Enriched	0.0002036308724328111	0.9997963691275672
logistic_regression	SRR8908299	Cluster_Naive_Enriched	Cluster_Naive_Enriched	Cluster_DENV_Enriched	0.002366004585044274	0.9976339954149557
logistic_regression	SRR8908300	Cluster_DENV_Enriched	Cluster_DENV_Enriched	Cluster_DENV_Enriched	0.999247368707202	0.999247368707202
logistic_regression	SRR8908301	Cluster_DENV_Enriched	Cluster_DENV_Enriched	Cluster_DENV_Enriched	0.999969706199172	0.999969706199172
logistic_regression	SRR8908302	Cluster_DENV_Enriched	Cluster_DENV_Enriched	Cluster_DENV_Enriched	0.9986004593294725	0.9986004593294725
logistic_regression	SRR8908303	Cluster_DENV_Enriched	Cluster_DENV_Enriched	Cluster_DENV_Enriched	0.997895061862871	0.997895061862871
logistic_regression	SRR8908304	Cluster_Naive_Enriched	Cluster_Naive_Enriched	Cluster_DENV_Enriched	0.0003445670222000179	0.9996554329778
logistic_regression	SRR8908305	Cluster_Naive_Enriched	Cluster_Naive_Enriched	Cluster_DENV_Enriched	0.00011708091958556057	0.9998829190804145
logistic_regression	SRR8908306	Cluster_Naive_Enriched	Cluster_Naive_Enriched	Cluster_DENV_Enriched	4.618813795365858e-05	0.9999538118620463
logistic_regression	SRR8908307	Cluster_Naive_Enriched	Cluster_Naive_Enriched	Cluster_DENV_Enriched	0.00857483423043337	0.9914251657695666
logistic_regression	SRR8908308	Cluster_Naive_Enriched	Cluster_Naive_Enriched	Cluster_DENV_Enriched	0.0009013615229984381	0.9990986384770015
logistic_regression	SRR8908309	Cluster_Naive_Enriched	Cluster_Naive_Enriched	Cluster_DENV_Enriched	0.0005608307365917754	0.9994391692634083
logistic_regression	SRR8908310	Cluster_Naive_Enriched	Cluster_Naive_Enriched	Cluster_DENV_Enriched	0.00016820134496478128	0.9998317986550352
logistic_regression	SRR8908311	Cluster_Naive_Enriched	Cluster_Naive_Enriched	Cluster_DENV_Enriched	0.00045807929198638355	0.9995419207080136
logistic_regression	SRR8908312	Cluster_DENV_Enriched	Cluster_DENV_Enriched	Cluster_DENV_Enriched	0.9794525353556698	0.9794525353556698
logistic_regression	SRR8908313	Cluster_DENV_Enriched	Cluster_DENV_Enriched	Cluster_DENV_Enriched	0.9965063832623302	0.9965063832623302
logistic_regression	SRR8908314	Cluster_DENV_Enriched	Cluster_DENV_Enriched	Cluster_DENV_Enriched	0.9995324833043929	0.9995324833043929
logistic_regression	SRR8908315	Cluster_DENV_Enriched	Cluster_DENV_Enriched	Cluster_DENV_Enriched	0.9998529486791001	0.9998529486791001
logistic_regression	SRR8908316	Cluster_Naive_Enriched	Cluster_Naive_Enriched	Cluster_DENV_Enriched	0.01287446092356973	0.9871255390764303
logistic_regression	SRR8908317	Cluster_Naive_Enriched	Cluster_Naive_Enriched	Cluster_DENV_Enriched	0.007272789228519112	0.9927272107714809
logistic_regression	SRR8908318	Cluster_Naive_Enriched	Cluster_Naive_Enriched	Cluster_DENV_Enriched	0.011331265450876177	0.9886687345491239
logistic_regression	SRR8908319	Cluster_Naive_Enriched	Cluster_Naive_Enriched	Cluster_DENV_Enriched	0.002985246291534436	0.9970147537084656
logistic_regression	SRR8908320	Cluster_Naive_Enriched	Cluster_Naive_Enriched	Cluster_DENV_Enriched	0.0014814931154947687	0.9985185068845053
logistic_regression	SRR8908321	Cluster_Naive_Enriched	Cluster_Naive_Enriched	Cluster_DENV_Enriched	0.013476418425415707	0.9865235815745843
logistic_regression	SRR8908322	Cluster_Naive_Enriched	Cluster_Naive_Enriched	Cluster_DENV_Enriched	0.0011147120414205813	0.9988852879585794
logistic_regression	SRR8908323	Cluster_Naive_Enriched	Cluster_Naive_Enriched	Cluster_DENV_Enriched	0.009148819144084384	0.9908511808559156
logistic_regression	SRR8908324	Cluster_DENV_Enriched	Cluster_DENV_Enriched	Cluster_DENV_Enriched	0.9999289151046696	0.9999289151046696
logistic_regression	SRR8908325	Cluster_DENV_Enriched	Cluster_DENV_Enriched	Cluster_DENV_Enriched	0.9994018579090916	0.9994018579090916
logistic_regression	SRR8908326	Cluster_DENV_Enriched	Cluster_DENV_Enriched	Cluster_DENV_Enriched	0.9996106269083991	0.9996106269083991
logistic_regression	SRR8908327	Cluster_DENV_Enriched	Cluster_DENV_Enriched	Cluster_DENV_Enriched	0.9998814065787732	0.9998814065787732
logistic_regression	SRR8908328	Cluster_Naive_Enriched	Cluster_Naive_Enriched	Cluster_DENV_Enriched	0.0022872941047671147	0.9977127058952329
logistic_regression	SRR8908329	Cluster_Naive_Enriched	Cluster_Naive_Enriched	Cluster_DENV_Enriched	0.000719730849638109	0.9992802691503619
logistic_regression	SRR8908330	Cluster_Naive_Enriched	Cluster_Naive_Enriched	Cluster_DENV_Enriched	0.006088186349471786	0.9939118136505282
logistic_regression	SRR8908331	Cluster_Naive_Enriched	Cluster_Naive_Enriched	Cluster_DENV_Enriched	0.0043286943563095905	0.9956713056436904
logistic_regression	SRR8908332	Cluster_Naive_Enriched	Cluster_Naive_Enriched	Cluster_DENV_Enriched	0.003928192577573483	0.9960718074224265
logistic_regression	SRR8908333	Cluster_Naive_Enriched	Cluster_Naive_Enriched	Cluster_DENV_Enriched	0.0056072211567469	0.9943927788432531
logistic_regression	SRR8908334	Cluster_Naive_Enriched	Cluster_Naive_Enriched	Cluster_DENV_Enriched	0.015454754891943616	0.9845452451080564
logistic_regression	SRR8908335	Cluster_Naive_Enriched	Cluster_Naive_Enriched	Cluster_DENV_Enriched	0.002196108998416303	0.9978038910015837
logistic_regression	SRR8908336	Cluster_DENV_Enriched	Cluster_DENV_Enriched	Cluster_DENV_Enriched	0.9818389142904431	0.9818389142904431
logistic_regression	SRR8908337	Cluster_DENV_Enriched	Cluster_DENV_Enriched	Cluster_DENV_Enriched	0.9950268535320731	0.9950268535320731
logistic_regression	SRR8908338	Cluster_DENV_Enriched	Cluster_DENV_Enriched	Cluster_DENV_Enriched	0.7634958922795015	0.7634958922795015
logistic_regression	SRR8908339	Cluster_DENV_Enriched	Cluster_DENV_Enriched	Cluster_DENV_Enriched	0.6973475462338213	0.6973475462338213
logistic_regression	SRR8908340	Cluster_Naive_Enriched	Cluster_Naive_Enriched	Cluster_DENV_Enriched	0.0018604502028610073	0.998139549797139
logistic_regression	SRR8908341	Cluster_Naive_Enriched	Cluster_Naive_Enriched	Cluster_DENV_Enriched	0.0031201110405620486	0.9968798889594379
logistic_regression	SRR8908342	Cluster_Naive_Enriched	Cluster_Naive_Enriched	Cluster_DENV_Enriched	0.0007081286620715474	0.9992918713379284
logistic_regression	SRR8908343	Cluster_Naive_Enriched	Cluster_Naive_Enriched	Cluster_DENV_Enriched	0.0012540114704293931	0.9987459885295706
logistic_regression	SRR8908344	Cluster_Naive_Enriched	Cluster_Naive_Enriched	Cluster_DENV_Enriched	0.0012720791981029051	0.9987279208018971
logistic_regression	SRR8908345	Cluster_Naive_Enriched	Cluster_Naive_Enriched	Cluster_DENV_Enriched	0.03720499139688316	0.9627950086031168
logistic_regression	SRR8908346	Cluster_Naive_Enriched	Cluster_Naive_Enriched	Cluster_DENV_Enriched	0.0007282038217916101	0.9992717961782084
logistic_regression	SRR8908347	Cluster_Naive_Enriched	Cluster_Naive_Enriched	Cluster_DENV_Enriched	0.01584500506139701	0.984154994938603
logistic_regression	SRR8908348	Cluster_DENV_Enriched	Cluster_DENV_Enriched	Cluster_DENV_Enriched	0.9979128016713038	0.9979128016713038
logistic_regression	SRR8908349	Cluster_DENV_Enriched	Cluster_DENV_Enriched	Cluster_DENV_Enriched	0.9995726316687866	0.9995726316687866
logistic_regression	SRR8908350	Cluster_DENV_Enriched	Cluster_DENV_Enriched	Cluster_DENV_Enriched	0.9948708061530723	0.9948708061530723
logistic_regression	SRR8908351	Cluster_DENV_Enriched	Cluster_DENV_Enriched	Cluster_DENV_Enriched	0.9951604342986513	0.9951604342986513
logistic_regression	SRR8908352	Cluster_Naive_Enriched	Cluster_Naive_Enriched	Cluster_DENV_Enriched	0.019537361255456395	0.9804626387445436
logistic_regression	SRR8908353	Cluster_Naive_Enriched	Cluster_Naive_Enriched	Cluster_DENV_Enriched	0.011930603651725132	0.9880693963482748
logistic_regression	SRR8908354	Cluster_Naive_Enriched	Cluster_Naive_Enriched	Cluster_DENV_Enriched	0.0059371851901455575	0.9940628148098545
logistic_regression	SRR8908355	Cluster_Naive_Enriched	Cluster_Naive_Enriched	Cluster_DENV_Enriched	0.0034036112099389165	0.9965963887900611
logistic_regression	SRR8908356	Cluster_Naive_Enriched	Cluster_Naive_Enriched	Cluster_DENV_Enriched	0.012568239580322738	0.9874317604196773
logistic_regression	SRR8908357	Cluster_Naive_Enriched	Cluster_Naive_Enriched	Cluster_DENV_Enriched	0.003840055592246923	0.9961599444077531
logistic_regression	SRR8908358	Cluster_Naive_Enriched	Cluster_Naive_Enriched	Cluster_DENV_Enriched	0.0007897339687924222	0.9992102660312076
logistic_regression	SRR8908359	Cluster_Naive_Enriched	Cluster_Naive_Enriched	Cluster_DENV_Enriched	0.008059069673350322	0.9919409303266497
logistic_regression	SRR8908360	Cluster_DENV_Enriched	Cluster_DENV_Enriched	Cluster_DENV_Enriched	0.9885078194891652	0.9885078194891652
logistic_regression	SRR8908361	Cluster_DENV_Enriched	Cluster_DENV_Enriched	Cluster_DENV_Enriched	0.9969843545445638	0.9969843545445638
logistic_regression	SRR8908362	Cluster_DENV_Enriched	Cluster_Naive_Enriched	Cluster_DENV_Enriched	0.4903461320352853	0.4903461320352853
logistic_regression	SRR8908363	Cluster_DENV_Enriched	Cluster_DENV_Enriched	Cluster_DENV_Enriched	0.7462853551597723	0.7462853551597723
logistic_regression	SRR8908364	Cluster_Naive_Enriched	Cluster_Naive_Enriched	Cluster_DENV_Enriched	0.002487884806792462	0.9975121151932076
logistic_regression	SRR8908365	Cluster_Naive_Enriched	Cluster_Naive_Enriched	Cluster_DENV_Enriched	0.001623843184127206	0.9983761568158728
logistic_regression	SRR8908366	Cluster_Naive_Enriched	Cluster_Naive_Enriched	Cluster_DENV_Enriched	0.00019902527318840587	0.9998009747268116
logistic_regression	SRR8908367	Cluster_Naive_Enriched	Cluster_Naive_Enriched	Cluster_DENV_Enriched	0.00012398940071887038	0.9998760105992811
logistic_regression	SRR8908368	Cluster_Naive_Enriched	Cluster_Naive_Enriched	Cluster_DENV_Enriched	0.0012216631252957816	0.9987783368747042
logistic_regression	SRR8908369	Cluster_Naive_Enriched	Cluster_Naive_Enriched	Cluster_DENV_Enriched	0.0001987152827284988	0.9998012847172715
logistic_regression	SRR8908370	Cluster_Naive_Enriched	Cluster_Naive_Enriched	Cluster_DENV_Enriched	6.169636259060813e-05	0.9999383036374094
logistic_regression	SRR8908371	Cluster_Naive_Enriched	Cluster_Naive_Enriched	Cluster_DENV_Enriched	0.0024236061896640857	0.9975763938103359
logistic_regression	SRR8908372	Cluster_DENV_Enriched	Cluster_DENV_Enriched	Cluster_DENV_Enriched	0.9180335177973984	0.9180335177973984
logistic_regression	SRR8908373	Cluster_DENV_Enriched	Cluster_DENV_Enriched	Cluster_DENV_Enriched	0.9900769127878993	0.9900769127878993
logistic_regression	SRR8908374	Cluster_Naive_Enriched	Cluster_Naive_Enriched	Cluster_DENV_Enriched	0.23711852721409898	0.762881472785901
logistic_regression	SRR8908375	Cluster_Naive_Enriched	Cluster_Naive_Enriched	Cluster_DENV_Enriched	0.34520650470735487	0.6547934952926451
logistic_regression	SRR8908376	Cluster_Naive_Enriched	Cluster_DENV_Enriched	Cluster_DENV_Enriched	0.7949282360077994	0.20507176399220062
logistic_regression	SRR8908377	Cluster_Naive_Enriched	Cluster_DENV_Enriched	Cluster_DENV_Enriched	0.8353016708953841	0.1646983291046159
logistic_regression	SRR8908378	Cluster_DENV_Enriched	Cluster_DENV_Enriched	Cluster_DENV_Enriched	0.9953237892024851	0.9953237892024851
logistic_regression	SRR8908379	Cluster_DENV_Enriched	Cluster_DENV_Enriched	Cluster_DENV_Enriched	0.9964807631586293	0.9964807631586293
logistic_regression	SRR8908380	Cluster_Naive_Enriched	Cluster_Naive_Enriched	Cluster_DENV_Enriched	0.00282769194258637	0.9971723080574136
logistic_regression	SRR8908381	Cluster_Naive_Enriched	Cluster_Naive_Enriched	Cluster_DENV_Enriched	5.517617454678517e-05	0.9999448238254532
logistic_regression	SRR8908382	Cluster_Naive_Enriched	Cluster_Naive_Enriched	Cluster_DENV_Enriched	0.00018806738356770978	0.9998119326164323
logistic_regression	SRR8908383	Cluster_Naive_Enriched	Cluster_Naive_Enriched	Cluster_DENV_Enriched	0.0018855420894850982	0.9981144579105149
logistic_regression	SRR8908384	Cluster_Naive_Enriched	Cluster_Naive_Enriched	Cluster_DENV_Enriched	0.00036442456331818563	0.9996355754366818
logistic_regression	SRR8908385	Cluster_Naive_Enriched	Cluster_Naive_Enriched	Cluster_DENV_Enriched	0.0003623285545949981	0.999637671445405
logistic_regression	SRR8908386	Cluster_Naive_Enriched	Cluster_Naive_Enriched	Cluster_DENV_Enriched	0.00010441527046606835	0.9998955847295339
logistic_regression	SRR8908387	Cluster_Naive_Enriched	Cluster_Naive_Enriched	Cluster_DENV_Enriched	0.001007918853929289	0.9989920811460707
logistic_regression	SRR8908388	Cluster_DENV_Enriched	Cluster_DENV_Enriched	Cluster_DENV_Enriched	0.999442931987129	0.999442931987129
logistic_regression	SRR8908389	Cluster_DENV_Enriched	Cluster_DENV_Enriched	Cluster_DENV_Enriched	0.9997949002693163	0.9997949002693163
logistic_regression	SRR8908390	Cluster_DENV_Enriched	Cluster_DENV_Enriched	Cluster_DENV_Enriched	0.9993447236013575	0.9993447236013575
logistic_regression	SRR8908391	Cluster_DENV_Enriched	Cluster_DENV_Enriched	Cluster_DENV_Enriched	0.9997472450611476	0.9997472450611476
logistic_regression	SRR8908392	Cluster_Naive_Enriched	Cluster_Naive_Enriched	Cluster_DENV_Enriched	0.00020572804236292287	0.999794271957637
logistic_regression	SRR8908393	Cluster_Naive_Enriched	Cluster_Naive_Enriched	Cluster_DENV_Enriched	0.002406633733262211	0.9975933662667378
logistic_regression	SRR8908394	Cluster_Naive_Enriched	Cluster_Naive_Enriched	Cluster_DENV_Enriched	0.0003058878431112944	0.9996941121568887
logistic_regression	SRR8908395	Cluster_Naive_Enriched	Cluster_Naive_Enriched	Cluster_DENV_Enriched	0.0007806365230392121	0.9992193634769608
logistic_regression	SRR8908396	Cluster_Naive_Enriched	Cluster_Naive_Enriched	Cluster_DENV_Enriched	0.004362523871507106	0.9956374761284928
logistic_regression	SRR8908397	Cluster_Naive_Enriched	Cluster_Naive_Enriched	Cluster_DENV_Enriched	0.0032175019648940798	0.9967824980351059
logistic_regression	SRR8908398	Cluster_Naive_Enriched	Cluster_Naive_Enriched	Cluster_DENV_Enriched	0.0005295633688946566	0.9994704366311054
logistic_regression	SRR8908399	Cluster_Naive_Enriched	Cluster_Naive_Enriched	Cluster_DENV_Enriched	0.0008078277191141929	0.9991921722808859
logistic_regression	SRR8908400	Cluster_DENV_Enriched	Cluster_DENV_Enriched	Cluster_DENV_Enriched	0.9935912118184431	0.9935912118184431
logistic_regression	SRR8908401	Cluster_DENV_Enriched	Cluster_DENV_Enriched	Cluster_DENV_Enriched	0.9922649812092947	0.9922649812092947
logistic_regression	SRR8908402	Cluster_Naive_Enriched	Cluster_DENV_Enriched	Cluster_DENV_Enriched	0.6256635719693049	0.3743364280306951
logistic_regression	SRR8908403	Cluster_DENV_Enriched	Cluster_DENV_Enriched	Cluster_DENV_Enriched	0.7572378179011425	0.7572378179011425
logistic_regression	SRR8908404	Cluster_Naive_Enriched	Cluster_Naive_Enriched	Cluster_DENV_Enriched	0.0004980731664852812	0.9995019268335147
logistic_regression	SRR8908405	Cluster_Naive_Enriched	Cluster_Naive_Enriched	Cluster_DENV_Enriched	0.0007832311291932489	0.9992167688708068
logistic_regression	SRR8908406	Cluster_Naive_Enriched	Cluster_Naive_Enriched	Cluster_DENV_Enriched	0.0001803337667575683	0.9998196662332425
logistic_regression	SRR8908407	Cluster_Naive_Enriched	Cluster_Naive_Enriched	Cluster_DENV_Enriched	0.0021364468843443037	0.9978635531156557
logistic_regression	SRR8908408	Cluster_Naive_Enriched	Cluster_Naive_Enriched	Cluster_DENV_Enriched	0.0006845403833608862	0.9993154596166391
logistic_regression	SRR8908409	Cluster_Naive_Enriched	Cluster_Naive_Enriched	Cluster_DENV_Enriched	0.00010105864323664234	0.9998989413567634
logistic_regression	SRR8908410	Cluster_Naive_Enriched	Cluster_Naive_Enriched	Cluster_DENV_Enriched	0.001231614610959074	0.9987683853890409
logistic_regression	SRR8908411	Cluster_Naive_Enriched	Cluster_Naive_Enriched	Cluster_DENV_Enriched	2.6809465391375622e-11	0.9999999999731906
logistic_regression	SRR8908412	Cluster_DENV_Enriched	Cluster_DENV_Enriched	Cluster_DENV_Enriched	0.9992805608747195	0.9992805608747195
logistic_regression	SRR8908413	Cluster_DENV_Enriched	Cluster_DENV_Enriched	Cluster_DENV_Enriched	0.999956818611661	0.999956818611661
logistic_regression	SRR8908414	Cluster_DENV_Enriched	Cluster_DENV_Enriched	Cluster_DENV_Enriched	0.9992639663125761	0.9992639663125761
logistic_regression	SRR8908415	Cluster_DENV_Enriched	Cluster_Naive_Enriched	Cluster_DENV_Enriched	0.20145243926372725	0.20145243926372725
logistic_regression	SRR8908416	Cluster_Naive_Enriched	Cluster_Naive_Enriched	Cluster_DENV_Enriched	0.00019127631627217698	0.9998087236837279
logistic_regression	SRR8908417	Cluster_Naive_Enriched	Cluster_Naive_Enriched	Cluster_DENV_Enriched	0.0003033419305387669	0.9996966580694613
logistic_regression	SRR8908418	Cluster_Naive_Enriched	Cluster_Naive_Enriched	Cluster_DENV_Enriched	5.923652005403835e-05	0.999940763479946
logistic_regression	SRR8908419	Cluster_Naive_Enriched	Cluster_Naive_Enriched	Cluster_DENV_Enriched	5.827359442337553e-05	0.9999417264055767
logistic_regression	SRR8908420	Cluster_Naive_Enriched	Cluster_Naive_Enriched	Cluster_DENV_Enriched	6.310541696599443e-05	0.999936894583034
logistic_regression	SRR8908421	Cluster_Naive_Enriched	Cluster_Naive_Enriched	Cluster_DENV_Enriched	0.0005981821096778776	0.9994018178903221
logistic_regression	SRR8908422	Cluster_Naive_Enriched	Cluster_Naive_Enriched	Cluster_DENV_Enriched	0.00022901458047336093	0.9997709854195267
logistic_regression	SRR8908423	Cluster_Naive_Enriched	Cluster_Naive_Enriched	Cluster_DENV_Enriched	0.0004126450693983362	0.9995873549306017
logistic_regression	SRR8908424	Cluster_DENV_Enriched	Cluster_DENV_Enriched	Cluster_DENV_Enriched	0.9935625926750755	0.9935625926750755
logistic_regression	SRR8908425	Cluster_DENV_Enriched	Cluster_DENV_Enriched	Cluster_DENV_Enriched	0.9975939020087653	0.9975939020087653
logistic_regression	SRR8908426	Cluster_Naive_Enriched	Cluster_Naive_Enriched	Cluster_DENV_Enriched	0.05284293322821581	0.9471570667717842
logistic_regression	SRR8908427	Cluster_Naive_Enriched	Cluster_Naive_Enriched	Cluster_DENV_Enriched	0.2405173644406988	0.7594826355593012
logistic_regression	SRR8908428	Cluster_Naive_Enriched	Cluster_Naive_Enriched	Cluster_DENV_Enriched	0.020012316447769067	0.979987683552231
logistic_regression	SRR8908429	Cluster_Naive_Enriched	Cluster_Naive_Enriched	Cluster_DENV_Enriched	0.0038554728278972585	0.9961445271721028
logistic_regression	SRR8908430	Cluster_Naive_Enriched	Cluster_Naive_Enriched	Cluster_DENV_Enriched	0.003971588863400197	0.9960284111365998
logistic_regression	SRR8908431	Cluster_Naive_Enriched	Cluster_Naive_Enriched	Cluster_DENV_Enriched	0.030842101214541423	0.9691578987854585
logistic_regression	SRR8908432	Cluster_Naive_Enriched	Cluster_Naive_Enriched	Cluster_DENV_Enriched	0.006082911528017699	0.9939170884719823
logistic_regression	SRR8908433	Cluster_Naive_Enriched	Cluster_Naive_Enriched	Cluster_DENV_Enriched	0.008263822306432382	0.9917361776935676
logistic_regression	SRR8908434	Cluster_Naive_Enriched	Cluster_Naive_Enriched	Cluster_DENV_Enriched	0.005748123586692737	0.9942518764133073
logistic_regression	SRR8908435	Cluster_Naive_Enriched	Cluster_Naive_Enriched	Cluster_DENV_Enriched	0.0026440487520994066	0.9973559512479006
logistic_regression	SRR8908436	Cluster_DENV_Enriched	Cluster_DENV_Enriched	Cluster_DENV_Enriched	0.9979488395588477	0.9979488395588477
logistic_regression	SRR8908437	Cluster_DENV_Enriched	Cluster_DENV_Enriched	Cluster_DENV_Enriched	0.9991553487707732	0.9991553487707732
logistic_regression	SRR8908438	Cluster_DENV_Enriched	Cluster_DENV_Enriched	Cluster_DENV_Enriched	0.9990336387311162	0.9990336387311162
logistic_regression	SRR8908439	Cluster_DENV_Enriched	Cluster_DENV_Enriched	Cluster_DENV_Enriched	0.9990904300595969	0.9990904300595969
logistic_regression	SRR8908440	Cluster_Naive_Enriched	Cluster_Naive_Enriched	Cluster_DENV_Enriched	0.00013318088293822898	0.9998668191170618
logistic_regression	SRR8908441	Cluster_Naive_Enriched	Cluster_Naive_Enriched	Cluster_DENV_Enriched	0.0022000748668021797	0.9977999251331978
logistic_regression	SRR8908442	Cluster_Naive_Enriched	Cluster_Naive_Enriched	Cluster_DENV_Enriched	0.0009448578659852744	0.9990551421340147
logistic_regression	SRR8908443	Cluster_Naive_Enriched	Cluster_Naive_Enriched	Cluster_DENV_Enriched	0.0003636962246249779	0.999636303775375
logistic_regression	SRR8908444	Cluster_Naive_Enriched	Cluster_Naive_Enriched	Cluster_DENV_Enriched	0.0003354268204982789	0.9996645731795017
logistic_regression	SRR8908445	Cluster_Naive_Enriched	Cluster_Naive_Enriched	Cluster_DENV_Enriched	0.0008677819253878125	0.9991322180746122
logistic_regression	SRR8908446	Cluster_Naive_Enriched	Cluster_Naive_Enriched	Cluster_DENV_Enriched	0.00028647638867809587	0.9997135236113219
logistic_regression	SRR8908447	Cluster_Naive_Enriched	Cluster_Naive_Enriched	Cluster_DENV_Enriched	0.0005543450202433263	0.9994456549797567
logistic_regression	SRR8908448	Cluster_DENV_Enriched	Cluster_DENV_Enriched	Cluster_DENV_Enriched	0.9980964884319176	0.9980964884319176
logistic_regression	SRR8908449	Cluster_DENV_Enriched	Cluster_DENV_Enriched	Cluster_DENV_Enriched	0.9998951004387013	0.9998951004387013
logistic_regression	SRR8908450	Cluster_DENV_Enriched	Cluster_DENV_Enriched	Cluster_DENV_Enriched	0.9925453839229991	0.9925453839229991
logistic_regression	SRR8908451	Cluster_DENV_Enriched	Cluster_DENV_Enriched	Cluster_DENV_Enriched	0.9980799905799181	0.9980799905799181
logistic_regression	SRR8908452	Cluster_Naive_Enriched	Cluster_Naive_Enriched	Cluster_DENV_Enriched	0.01532797961945303	0.984672020380547
logistic_regression	SRR8908453	Cluster_Naive_Enriched	Cluster_Naive_Enriched	Cluster_DENV_Enriched	0.00312812175803083	0.9968718782419692
logistic_regression	SRR8908454	Cluster_Naive_Enriched	Cluster_Naive_Enriched	Cluster_DENV_Enriched	0.012496124995589454	0.9875038750044105
logistic_regression	SRR8908455	Cluster_Naive_Enriched	Cluster_Naive_Enriched	Cluster_DENV_Enriched	0.0016668861995920627	0.9983331138004079
logistic_regression	SRR8908456	Cluster_Naive_Enriched	Cluster_Naive_Enriched	Cluster_DENV_Enriched	3.57734141535037e-08	0.9999999642265859
logistic_regression	SRR8908457	Cluster_Naive_Enriched	Cluster_Naive_Enriched	Cluster_DENV_Enriched	0.0011508078834199652	0.9988491921165801
logistic_regression	SRR8908458	Cluster_Naive_Enriched	Cluster_Naive_Enriched	Cluster_DENV_Enriched	0.002841887339125795	0.9971581126608742
logistic_regression	SRR8908459	Cluster_Naive_Enriched	Cluster_Naive_Enriched	Cluster_DENV_Enriched	0.0045676736862292015	0.9954323263137708
logistic_regression	SRR8908460	Cluster_DENV_Enriched	Cluster_DENV_Enriched	Cluster_DENV_Enriched	0.9976125764341571	0.9976125764341571
logistic_regression	SRR8908461	Cluster_DENV_Enriched	Cluster_DENV_Enriched	Cluster_DENV_Enriched	0.9953657467044391	0.9953657467044391
logistic_regression	SRR8908462	Cluster_DENV_Enriched	Cluster_DENV_Enriched	Cluster_DENV_Enriched	0.9861039227498466	0.9861039227498466
logistic_regression	SRR8908463	Cluster_DENV_Enriched	Cluster_DENV_Enriched	Cluster_DENV_Enriched	0.9718113365737328	0.9718113365737328
logistic_regression	SRR8908464	Cluster_Naive_Enriched	Cluster_Naive_Enriched	Cluster_DENV_Enriched	0.17091312304907919	0.8290868769509208
logistic_regression	SRR8908465	Cluster_Naive_Enriched	Cluster_Naive_Enriched	Cluster_DENV_Enriched	0.014814601249246611	0.9851853987507534
logistic_regression	SRR8908466	Cluster_Naive_Enriched	Cluster_Naive_Enriched	Cluster_DENV_Enriched	0.020484929054702627	0.9795150709452973
logistic_regression	SRR8908467	Cluster_Naive_Enriched	Cluster_Naive_Enriched	Cluster_DENV_Enriched	0.02634991752352276	0.9736500824764772
logistic_regression	SRR8908468	Cluster_Naive_Enriched	Cluster_Naive_Enriched	Cluster_DENV_Enriched	0.04120335975469549	0.9587966402453045
logistic_regression	SRR8908469	Cluster_Naive_Enriched	Cluster_Naive_Enriched	Cluster_DENV_Enriched	0.017887074403473684	0.9821129255965263
logistic_regression	SRR8908470	Cluster_Naive_Enriched	Cluster_Naive_Enriched	Cluster_DENV_Enriched	0.04924935197104915	0.9507506480289508
logistic_regression	SRR8908471	Cluster_Naive_Enriched	Cluster_Naive_Enriched	Cluster_DENV_Enriched	0.3038133929167431	0.696186607083257
logistic_regression	SRR8908472	Cluster_DENV_Enriched	Cluster_DENV_Enriched	Cluster_DENV_Enriched	0.9970104082180518	0.9970104082180518
logistic_regression	SRR8908473	Cluster_DENV_Enriched	Cluster_DENV_Enriched	Cluster_DENV_Enriched	0.9942112472325121	0.9942112472325121
logistic_regression	SRR8908474	Cluster_DENV_Enriched	Cluster_DENV_Enriched	Cluster_DENV_Enriched	0.9999034835174474	0.9999034835174474
logistic_regression	SRR8908475	Cluster_DENV_Enriched	Cluster_DENV_Enriched	Cluster_DENV_Enriched	0.9998867598061033	0.9998867598061033
logistic_regression	SRR8908476	Cluster_Naive_Enriched	Cluster_Naive_Enriched	Cluster_DENV_Enriched	9.778049240088453e-05	0.9999022195075992
logistic_regression	SRR8908477	Cluster_Naive_Enriched	Cluster_Naive_Enriched	Cluster_DENV_Enriched	0.0001522119625381777	0.9998477880374618
logistic_regression	SRR8908478	Cluster_Naive_Enriched	Cluster_Naive_Enriched	Cluster_DENV_Enriched	0.00126162407503052	0.9987383759249695
logistic_regression	SRR8908479	Cluster_Naive_Enriched	Cluster_Naive_Enriched	Cluster_DENV_Enriched	4.798448569844959e-05	0.9999520155143016
logistic_regression	SRR8908480	Cluster_Naive_Enriched	Cluster_Naive_Enriched	Cluster_DENV_Enriched	0.0009573441301281523	0.9990426558698718
logistic_regression	SRR8908481	Cluster_Naive_Enriched	Cluster_Naive_Enriched	Cluster_DENV_Enriched	0.0021925422094099755	0.99780745779059
logistic_regression	SRR8908482	Cluster_Naive_Enriched	Cluster_Naive_Enriched	Cluster_DENV_Enriched	0.0008737049304583691	0.9991262950695416
logistic_regression	SRR8908483	Cluster_Naive_Enriched	Cluster_Naive_Enriched	Cluster_DENV_Enriched	0.0011065784780432929	0.9988934215219567
logistic_regression	SRR8908484	Cluster_DENV_Enriched	Cluster_DENV_Enriched	Cluster_DENV_Enriched	0.9985059033145671	0.9985059033145671
logistic_regression	SRR8908485	Cluster_DENV_Enriched	Cluster_DENV_Enriched	Cluster_DENV_Enriched	0.9985622944577819	0.9985622944577819
logistic_regression	SRR8908486	Cluster_DENV_Enriched	Cluster_DENV_Enriched	Cluster_DENV_Enriched	0.9832254733927807	0.9832254733927807
logistic_regression	SRR8908487	Cluster_DENV_Enriched	Cluster_DENV_Enriched	Cluster_DENV_Enriched	0.9713851823054213	0.9713851823054213
logistic_regression	SRR8908488	Cluster_DENV_Enriched	Cluster_DENV_Enriched	Cluster_DENV_Enriched	0.9639536740377976	0.9639536740377976
logistic_regression	SRR8908489	Cluster_DENV_Enriched	Cluster_DENV_Enriched	Cluster_DENV_Enriched	0.9869562688301726	0.9869562688301726
logistic_regression	SRR8908490	Cluster_DENV_Enriched	Cluster_DENV_Enriched	Cluster_DENV_Enriched	0.9986255654531264	0.9986255654531264
logistic_regression	SRR8908491	Cluster_DENV_Enriched	Cluster_DENV_Enriched	Cluster_DENV_Enriched	0.9987601062756452	0.9987601062756452
logistic_regression	SRR8908492	Cluster_Naive_Enriched	Cluster_Naive_Enriched	Cluster_DENV_Enriched	0.005871032158874815	0.9941289678411251
logistic_regression	SRR8908493	Cluster_Naive_Enriched	Cluster_Naive_Enriched	Cluster_DENV_Enriched	0.035091692033889454	0.9649083079661105
logistic_regression	SRR8908494	Cluster_Naive_Enriched	Cluster_Naive_Enriched	Cluster_DENV_Enriched	0.000657841619522473	0.9993421583804776
logistic_regression	SRR8908495	Cluster_Naive_Enriched	Cluster_Naive_Enriched	Cluster_DENV_Enriched	0.0015475280588970585	0.998452471941103
logistic_regression	SRR8908496	Cluster_Naive_Enriched	Cluster_Naive_Enriched	Cluster_DENV_Enriched	0.003399465557940534	0.9966005344420594
logistic_regression	SRR8908497	Cluster_Naive_Enriched	Cluster_Naive_Enriched	Cluster_DENV_Enriched	0.003931080934136305	0.9960689190658637
logistic_regression	SRR8908498	Cluster_Naive_Enriched	Cluster_Naive_Enriched	Cluster_DENV_Enriched	0.0012935273766780278	0.998706472623322
logistic_regression	SRR8908499	Cluster_Naive_Enriched	Cluster_Naive_Enriched	Cluster_DENV_Enriched	0.002564503585735773	0.9974354964142642
logistic_regression	SRR8908500	Cluster_DENV_Enriched	Cluster_DENV_Enriched	Cluster_DENV_Enriched	0.999729916409666	0.999729916409666
logistic_regression	SRR8908501	Cluster_DENV_Enriched	Cluster_DENV_Enriched	Cluster_DENV_Enriched	0.9998703522507999	0.9998703522507999
logistic_regression	SRR8908502	Cluster_DENV_Enriched	Cluster_DENV_Enriched	Cluster_DENV_Enriched	0.9997436909639694	0.9997436909639694
logistic_regression	SRR8908503	Cluster_DENV_Enriched	Cluster_DENV_Enriched	Cluster_DENV_Enriched	0.999760883843181	0.999760883843181
logistic_regression	SRR8908504	Cluster_Naive_Enriched	Cluster_Naive_Enriched	Cluster_DENV_Enriched	0.020008796829136605	0.9799912031708634
logistic_regression	SRR8908505	Cluster_Naive_Enriched	Cluster_Naive_Enriched	Cluster_DENV_Enriched	0.000919937924383018	0.999080062075617
logistic_regression	SRR8908506	Cluster_Naive_Enriched	Cluster_Naive_Enriched	Cluster_DENV_Enriched	0.006491996075836979	0.993508003924163
logistic_regression	SRR8908507	Cluster_Naive_Enriched	Cluster_Naive_Enriched	Cluster_DENV_Enriched	0.0029435656931850827	0.9970564343068149
logistic_regression	SRR8908508	Cluster_Naive_Enriched	Cluster_Naive_Enriched	Cluster_DENV_Enriched	0.0029920238508977497	0.9970079761491023
logistic_regression	SRR8908509	Cluster_Naive_Enriched	Cluster_Naive_Enriched	Cluster_DENV_Enriched	0.002638758374644649	0.9973612416253553
logistic_regression	SRR8908510	Cluster_Naive_Enriched	Cluster_Naive_Enriched	Cluster_DENV_Enriched	0.0018312313840465873	0.9981687686159534
logistic_regression	SRR8908511	Cluster_Naive_Enriched	Cluster_Naive_Enriched	Cluster_DENV_Enriched	0.002872211182154533	0.9971277888178455
logistic_regression	SRR8908512	Cluster_DENV_Enriched	Cluster_DENV_Enriched	Cluster_DENV_Enriched	0.9969476341993191	0.9969476341993191
logistic_regression	SRR8908513	Cluster_DENV_Enriched	Cluster_DENV_Enriched	Cluster_DENV_Enriched	0.9982317580376903	0.9982317580376903
logistic_regression	SRR8908514	Cluster_Naive_Enriched	Cluster_Naive_Enriched	Cluster_DENV_Enriched	0.052156492350818144	0.9478435076491819
logistic_regression	SRR8908515	Cluster_Naive_Enriched	Cluster_DENV_Enriched	Cluster_DENV_Enriched	0.7141117974046556	0.2858882025953444
logistic_regression	SRR8908516	Cluster_Naive_Enriched	Cluster_Naive_Enriched	Cluster_DENV_Enriched	3.0323413482766114e-05	0.9999696765865173
logistic_regression	SRR8908517	Cluster_Naive_Enriched	Cluster_Naive_Enriched	Cluster_DENV_Enriched	0.0008009136877160308	0.9991990863122839
logistic_regression	SRR8908518	Cluster_Naive_Enriched	Cluster_Naive_Enriched	Cluster_DENV_Enriched	0.00019346104925568175	0.9998065389507443
logistic_regression	SRR8908519	Cluster_Naive_Enriched	Cluster_Naive_Enriched	Cluster_DENV_Enriched	6.42303643681249e-05	0.9999357696356319
logistic_regression	SRR8908520	Cluster_Naive_Enriched	Cluster_Naive_Enriched	Cluster_DENV_Enriched	0.000207029460014021	0.999792970539986
logistic_regression	SRR8908521	Cluster_Naive_Enriched	Cluster_Naive_Enriched	Cluster_DENV_Enriched	0.00016678690086071476	0.9998332130991393
logistic_regression	SRR8908522	Cluster_Naive_Enriched	Cluster_Naive_Enriched	Cluster_DENV_Enriched	0.000160785887686693	0.9998392141123134
logistic_regression	SRR8908523	Cluster_Naive_Enriched	Cluster_Naive_Enriched	Cluster_DENV_Enriched	4.0193823859883e-05	0.9999598061761401
logistic_regression	SRR8908524	Cluster_DENV_Enriched	Cluster_DENV_Enriched	Cluster_DENV_Enriched	0.9980685801641072	0.9980685801641072
logistic_regression	SRR8908525	Cluster_DENV_Enriched	Cluster_DENV_Enriched	Cluster_DENV_Enriched	0.9909840712212917	0.9909840712212917
logistic_regression	SRR8908526	Cluster_DENV_Enriched	Cluster_DENV_Enriched	Cluster_DENV_Enriched	0.9999510005190434	0.9999510005190434
logistic_regression	SRR8908527	Cluster_DENV_Enriched	Cluster_DENV_Enriched	Cluster_DENV_Enriched	0.9999858702810626	0.9999858702810626
logistic_regression	SRR8908528	Cluster_Naive_Enriched	Cluster_Naive_Enriched	Cluster_DENV_Enriched	0.0006318806565497791	0.9993681193434503
logistic_regression	SRR8908529	Cluster_Naive_Enriched	Cluster_Naive_Enriched	Cluster_DENV_Enriched	0.00330975697246254	0.9966902430275375
logistic_regression	SRR8908530	Cluster_Naive_Enriched	Cluster_Naive_Enriched	Cluster_DENV_Enriched	0.01064586390246723	0.9893541360975328
logistic_regression	SRR8908531	Cluster_Naive_Enriched	Cluster_Naive_Enriched	Cluster_DENV_Enriched	0.0008205410705459569	0.999179458929454
logistic_regression	SRR8908532	Cluster_Naive_Enriched	Cluster_Naive_Enriched	Cluster_DENV_Enriched	0.0007247661609140682	0.9992752338390859
logistic_regression	SRR8908533	Cluster_Naive_Enriched	Cluster_Naive_Enriched	Cluster_DENV_Enriched	0.015901046304845	0.984098953695155
logistic_regression	SRR8908534	Cluster_Naive_Enriched	Cluster_Naive_Enriched	Cluster_DENV_Enriched	0.007598687529614579	0.9924013124703854
logistic_regression	SRR8908535	Cluster_Naive_Enriched	Cluster_Naive_Enriched	Cluster_DENV_Enriched	0.0013448661439468613	0.9986551338560531
logistic_regression	SRR8908536	Cluster_DENV_Enriched	Cluster_DENV_Enriched	Cluster_DENV_Enriched	0.9975694196825431	0.9975694196825431
logistic_regression	SRR8908537	Cluster_DENV_Enriched	Cluster_DENV_Enriched	Cluster_DENV_Enriched	0.997899766635137	0.997899766635137
logistic_regression	SRR8908538	Cluster_DENV_Enriched	Cluster_DENV_Enriched	Cluster_DENV_Enriched	0.9991409287026121	0.9991409287026121
logistic_regression	SRR8908539	Cluster_DENV_Enriched	Cluster_DENV_Enriched	Cluster_DENV_Enriched	0.9999308702289782	0.9999308702289782
logistic_regression	SRR8908540	Cluster_Naive_Enriched	Cluster_Naive_Enriched	Cluster_DENV_Enriched	0.0021279751589540273	0.997872024841046
logistic_regression	SRR8908541	Cluster_Naive_Enriched	Cluster_Naive_Enriched	Cluster_DENV_Enriched	0.0002468032291700043	0.99975319677083
logistic_regression	SRR8908542	Cluster_Naive_Enriched	Cluster_Naive_Enriched	Cluster_DENV_Enriched	0.005469934129803215	0.9945300658701968
logistic_regression	SRR8908543	Cluster_Naive_Enriched	Cluster_Naive_Enriched	Cluster_DENV_Enriched	0.0014890931926868432	0.9985109068073131
logistic_regression	SRR8908544	Cluster_Naive_Enriched	Cluster_Naive_Enriched	Cluster_DENV_Enriched	0.008775197493099903	0.9912248025069001
logistic_regression	SRR8908545	Cluster_Naive_Enriched	Cluster_Naive_Enriched	Cluster_DENV_Enriched	0.0005794042988550744	0.9994205957011449
logistic_regression	SRR8908546	Cluster_Naive_Enriched	Cluster_Naive_Enriched	Cluster_DENV_Enriched	0.002190873387113431	0.9978091266128866
logistic_regression	SRR8908547	Cluster_Naive_Enriched	Cluster_Naive_Enriched	Cluster_DENV_Enriched	0.0004775187209438846	0.9995224812790561
logistic_regression	SRR8908548	Cluster_DENV_Enriched	Cluster_DENV_Enriched	Cluster_DENV_Enriched	0.990850113920313	0.990850113920313
logistic_regression	SRR8908549	Cluster_DENV_Enriched	Cluster_DENV_Enriched	Cluster_DENV_Enriched	0.9399337903535588	0.9399337903535588
logistic_regression	SRR8908550	Cluster_DENV_Enriched	Cluster_DENV_Enriched	Cluster_DENV_Enriched	0.9991102132258595	0.9991102132258595
logistic_regression	SRR8908551	Cluster_DENV_Enriched	Cluster_DENV_Enriched	Cluster_DENV_Enriched	0.9983742073002804	0.9983742073002804
logistic_regression	SRR8908552	Cluster_Naive_Enriched	Cluster_Naive_Enriched	Cluster_DENV_Enriched	0.0013186859352448286	0.9986813140647551
logistic_regression	SRR8908553	Cluster_Naive_Enriched	Cluster_Naive_Enriched	Cluster_DENV_Enriched	0.0035838982304408303	0.9964161017695592
logistic_regression	SRR8908554	Cluster_Naive_Enriched	Cluster_Naive_Enriched	Cluster_DENV_Enriched	0.00047055024029895855	0.999529449759701
logistic_regression	SRR8908555	Cluster_Naive_Enriched	Cluster_Naive_Enriched	Cluster_DENV_Enriched	0.0004160013818612309	0.9995839986181387
logistic_regression	SRR8908556	Cluster_Naive_Enriched	Cluster_Naive_Enriched	Cluster_DENV_Enriched	0.0008217023614745184	0.9991782976385255
logistic_regression	SRR8908557	Cluster_Naive_Enriched	Cluster_Naive_Enriched	Cluster_DENV_Enriched	0.0004208604499689626	0.9995791395500311
logistic_regression	SRR8908558	Cluster_Naive_Enriched	Cluster_Naive_Enriched	Cluster_DENV_Enriched	0.005001032633145713	0.9949989673668543
logistic_regression	SRR8908559	Cluster_Naive_Enriched	Cluster_Naive_Enriched	Cluster_DENV_Enriched	0.003833340396689915	0.9961666596033101
logistic_regression	SRR8908560	Cluster_DENV_Enriched	Cluster_DENV_Enriched	Cluster_DENV_Enriched	0.9766042458545132	0.9766042458545132
logistic_regression	SRR8908561	Cluster_DENV_Enriched	Cluster_DENV_Enriched	Cluster_DENV_Enriched	0.9935592354937409	0.9935592354937409
logistic_regression	SRR8908562	Cluster_DENV_Enriched	Cluster_DENV_Enriched	Cluster_DENV_Enriched	0.9950793705970009	0.9950793705970009
logistic_regression	SRR8908563	Cluster_DENV_Enriched	Cluster_DENV_Enriched	Cluster_DENV_Enriched	0.9989872001996983	0.9989872001996983
logistic_regression	SRR8908564	Cluster_Naive_Enriched	Cluster_Naive_Enriched	Cluster_DENV_Enriched	0.03973571509756306	0.960264284902437
logistic_regression	SRR8908565	Cluster_Naive_Enriched	Cluster_Naive_Enriched	Cluster_DENV_Enriched	0.0014026389542491698	0.9985973610457508
logistic_regression	SRR8908566	Cluster_Naive_Enriched	Cluster_Naive_Enriched	Cluster_DENV_Enriched	0.0027541817839909764	0.997245818216009
logistic_regression	SRR8908567	Cluster_Naive_Enriched	Cluster_Naive_Enriched	Cluster_DENV_Enriched	0.04286105805861522	0.9571389419413848
logistic_regression	SRR8908568	Cluster_Naive_Enriched	Cluster_Naive_Enriched	Cluster_DENV_Enriched	0.006779722675597594	0.9932202773244024
logistic_regression	SRR8908569	Cluster_Naive_Enriched	Cluster_Naive_Enriched	Cluster_DENV_Enriched	0.019598186570304568	0.9804018134296955
logistic_regression	SRR8908570	Cluster_Naive_Enriched	Cluster_Naive_Enriched	Cluster_DENV_Enriched	0.026227967065659274	0.9737720329343407
logistic_regression	SRR8908571	Cluster_Naive_Enriched	Cluster_Naive_Enriched	Cluster_DENV_Enriched	0.035433121295268946	0.964566878704731
logistic_regression	SRR8908572	Cluster_DENV_Enriched	Cluster_DENV_Enriched	Cluster_DENV_Enriched	0.9972939238064448	0.9972939238064448
logistic_regression	SRR8908573	Cluster_DENV_Enriched	Cluster_DENV_Enriched	Cluster_DENV_Enriched	0.9996657328185846	0.9996657328185846
logistic_regression	SRR8908574	Cluster_DENV_Enriched	Cluster_DENV_Enriched	Cluster_DENV_Enriched	0.9997808084843186	0.9997808084843186
logistic_regression	SRR8908575	Cluster_DENV_Enriched	Cluster_DENV_Enriched	Cluster_DENV_Enriched	0.999467032335788	0.999467032335788
logistic_regression	SRR8908576	Cluster_Naive_Enriched	Cluster_Naive_Enriched	Cluster_DENV_Enriched	0.008266632151288818	0.9917333678487111
logistic_regression	SRR8908577	Cluster_Naive_Enriched	Cluster_Naive_Enriched	Cluster_DENV_Enriched	0.0009441010264780831	0.9990558989735219
logistic_regression	SRR8908578	Cluster_Naive_Enriched	Cluster_Naive_Enriched	Cluster_DENV_Enriched	0.022039823262392195	0.9779601767376078
logistic_regression	SRR8908579	Cluster_Naive_Enriched	Cluster_Naive_Enriched	Cluster_DENV_Enriched	0.021903132667837603	0.9780968673321624
logistic_regression	SRR8908580	Cluster_Naive_Enriched	Cluster_Naive_Enriched	Cluster_DENV_Enriched	0.0004268139446043868	0.9995731860553956
logistic_regression	SRR8908581	Cluster_Naive_Enriched	Cluster_Naive_Enriched	Cluster_DENV_Enriched	0.007176691966669779	0.9928233080333302
logistic_regression	SRR8908582	Cluster_Naive_Enriched	Cluster_Naive_Enriched	Cluster_DENV_Enriched	0.018039343855387857	0.9819606561446121
logistic_regression	SRR8908583	Cluster_Naive_Enriched	Cluster_Naive_Enriched	Cluster_DENV_Enriched	0.0046220078249458825	0.9953779921750541
logistic_regression	SRR8908584	Cluster_DENV_Enriched	Cluster_DENV_Enriched	Cluster_DENV_Enriched	0.9989784945915059	0.9989784945915059
logistic_regression	SRR8908585	Cluster_DENV_Enriched	Cluster_DENV_Enriched	Cluster_DENV_Enriched	0.9999722111044033	0.9999722111044033
logistic_regression	SRR8908586	Cluster_DENV_Enriched	Cluster_DENV_Enriched	Cluster_DENV_Enriched	0.9964472997929047	0.9964472997929047
logistic_regression	SRR8908587	Cluster_DENV_Enriched	Cluster_DENV_Enriched	Cluster_DENV_Enriched	0.9977577279557159	0.9977577279557159
logistic_regression	SRR8908588	Cluster_Naive_Enriched	Cluster_Naive_Enriched	Cluster_DENV_Enriched	0.0002924693525616416	0.9997075306474383
logistic_regression	SRR8908589	Cluster_Naive_Enriched	Cluster_Naive_Enriched	Cluster_DENV_Enriched	0.00011030055414285787	0.9998896994458571
logistic_regression	SRR8908590	Cluster_Naive_Enriched	Cluster_Naive_Enriched	Cluster_DENV_Enriched	6.0207997866147325e-05	0.9999397920021339
logistic_regression	SRR8908591	Cluster_Naive_Enriched	Cluster_Naive_Enriched	Cluster_DENV_Enriched	0.0037536616995360447	0.9962463383004639
logistic_regression	SRR8908592	Cluster_Naive_Enriched	Cluster_Naive_Enriched	Cluster_DENV_Enriched	0.0014630856342109696	0.9985369143657891
logistic_regression	SRR8908593	Cluster_Naive_Enriched	Cluster_Naive_Enriched	Cluster_DENV_Enriched	0.003317004490721185	0.9966829955092789
logistic_regression	SRR8908594	Cluster_Naive_Enriched	Cluster_Naive_Enriched	Cluster_DENV_Enriched	0.0008330544523990492	0.999166945547601
logistic_regression	SRR8908595	Cluster_Naive_Enriched	Cluster_Naive_Enriched	Cluster_DENV_Enriched	0.00035542793721451385	0.9996445720627855
logistic_regression	SRR8908596	Cluster_DENV_Enriched	Cluster_DENV_Enriched	Cluster_DENV_Enriched	0.9986092425157143	0.9986092425157143
logistic_regression	SRR8908597	Cluster_DENV_Enriched	Cluster_DENV_Enriched	Cluster_DENV_Enriched	0.9985171287527641	0.9985171287527641
logistic_regression	SRR8908598	Cluster_DENV_Enriched	Cluster_DENV_Enriched	Cluster_DENV_Enriched	0.9321922599534609	0.9321922599534609
logistic_regression	SRR8908599	Cluster_DENV_Enriched	Cluster_DENV_Enriched	Cluster_DENV_Enriched	0.9410580518090417	0.9410580518090417
logistic_regression	SRR8908600	Cluster_DENV_Enriched	Cluster_DENV_Enriched	Cluster_DENV_Enriched	0.8495127691580562	0.8495127691580562
logistic_regression	SRR8908601	Cluster_DENV_Enriched	Cluster_DENV_Enriched	Cluster_DENV_Enriched	0.9144187122677229	0.9144187122677229
logistic_regression	SRR8908602	Cluster_DENV_Enriched	Cluster_DENV_Enriched	Cluster_DENV_Enriched	0.99815763797612	0.99815763797612
logistic_regression	SRR8908603	Cluster_DENV_Enriched	Cluster_DENV_Enriched	Cluster_DENV_Enriched	0.9988935966032056	0.9988935966032056
logistic_regression	SRR8908604	Cluster_Naive_Enriched	Cluster_Naive_Enriched	Cluster_DENV_Enriched	0.003168275403809136	0.9968317245961908
logistic_regression	SRR8908605	Cluster_Naive_Enriched	Cluster_Naive_Enriched	Cluster_DENV_Enriched	0.001896772341974402	0.9981032276580256
logistic_regression	SRR8908606	Cluster_Naive_Enriched	Cluster_Naive_Enriched	Cluster_DENV_Enriched	0.00012038481727176448	0.9998796151827283
logistic_regression	SRR8908607	Cluster_Naive_Enriched	Cluster_Naive_Enriched	Cluster_DENV_Enriched	0.0010805483907583536	0.9989194516092417
logistic_regression	SRR8908608	Cluster_Naive_Enriched	Cluster_Naive_Enriched	Cluster_DENV_Enriched	0.0019481585851009273	0.9980518414148991
logistic_regression	SRR8908609	Cluster_Naive_Enriched	Cluster_Naive_Enriched	Cluster_DENV_Enriched	0.0055679065033468235	0.9944320934966532
logistic_regression	SRR8908610	Cluster_Naive_Enriched	Cluster_Naive_Enriched	Cluster_DENV_Enriched	0.0005651626090840989	0.9994348373909159
logistic_regression	SRR8908611	Cluster_Naive_Enriched	Cluster_Naive_Enriched	Cluster_DENV_Enriched	0.0031629997876104917	0.9968370002123895
logistic_regression	SRR8908612	Cluster_DENV_Enriched	Cluster_DENV_Enriched	Cluster_DENV_Enriched	0.9833859360317391	0.9833859360317391
logistic_regression	SRR8908613	Cluster_DENV_Enriched	Cluster_DENV_Enriched	Cluster_DENV_Enriched	0.998470067253213	0.998470067253213
logistic_regression	SRR8908614	Cluster_DENV_Enriched	Cluster_DENV_Enriched	Cluster_DENV_Enriched	0.9988152659519296	0.9988152659519296
logistic_regression	SRR8908615	Cluster_DENV_Enriched	Cluster_DENV_Enriched	Cluster_DENV_Enriched	0.9996239899471888	0.9996239899471888
logistic_regression	SRR8908616	Cluster_Naive_Enriched	Cluster_Naive_Enriched	Cluster_DENV_Enriched	0.06767746817785292	0.9323225318221471
logistic_regression	SRR8908617	Cluster_Naive_Enriched	Cluster_Naive_Enriched	Cluster_DENV_Enriched	0.0022962140596530264	0.9977037859403469
logistic_regression	SRR8908618	Cluster_Naive_Enriched	Cluster_Naive_Enriched	Cluster_DENV_Enriched	0.008429147511348961	0.9915708524886511
logistic_regression	SRR8908619	Cluster_Naive_Enriched	Cluster_Naive_Enriched	Cluster_DENV_Enriched	0.007076865680830788	0.9929231343191692
logistic_regression	SRR8908620	Cluster_Naive_Enriched	Cluster_Naive_Enriched	Cluster_DENV_Enriched	0.010170818674011435	0.9898291813259885
logistic_regression	SRR8908621	Cluster_Naive_Enriched	Cluster_Naive_Enriched	Cluster_DENV_Enriched	0.0019053342485718632	0.9980946657514281
logistic_regression	SRR8908622	Cluster_Naive_Enriched	Cluster_Naive_Enriched	Cluster_DENV_Enriched	0.009331732502726512	0.9906682674972734
logistic_regression	SRR8908623	Cluster_Naive_Enriched	Cluster_Naive_Enriched	Cluster_DENV_Enriched	0.009320822430428812	0.9906791775695711
logistic_regression	SRR8908624	Cluster_DENV_Enriched	Cluster_DENV_Enriched	Cluster_DENV_Enriched	0.9973595184543664	0.9973595184543664
logistic_regression	SRR8908625	Cluster_DENV_Enriched	Cluster_DENV_Enriched	Cluster_DENV_Enriched	0.9969493527405862	0.9969493527405862
logistic_regression	SRR8908626	Cluster_DENV_Enriched	Cluster_DENV_Enriched	Cluster_DENV_Enriched	0.9988512704575784	0.9988512704575784
logistic_regression	SRR8908627	Cluster_DENV_Enriched	Cluster_DENV_Enriched	Cluster_DENV_Enriched	0.9991178343479045	0.9991178343479045
logistic_regression	SRR8908628	Cluster_Naive_Enriched	Cluster_Naive_Enriched	Cluster_DENV_Enriched	0.00011753338818695398	0.999882466611813
logistic_regression	SRR8908629	Cluster_Naive_Enriched	Cluster_Naive_Enriched	Cluster_DENV_Enriched	0.00031008941246046866	0.9996899105875395
logistic_regression	SRR8908630	Cluster_Naive_Enriched	Cluster_Naive_Enriched	Cluster_DENV_Enriched	0.00040619518846037576	0.9995938048115396
logistic_regression	SRR8908631	Cluster_Naive_Enriched	Cluster_Naive_Enriched	Cluster_DENV_Enriched	0.00012259295647135452	0.9998774070435287
logistic_regression	SRR8908632	Cluster_Naive_Enriched	Cluster_Naive_Enriched	Cluster_DENV_Enriched	0.00013999517430756504	0.9998600048256925
logistic_regression	SRR8908633	Cluster_Naive_Enriched	Cluster_Naive_Enriched	Cluster_DENV_Enriched	6.630357956765036e-05	0.9999336964204324
logistic_regression	SRR8908634	Cluster_Naive_Enriched	Cluster_Naive_Enriched	Cluster_DENV_Enriched	0.0014520246808310516	0.998547975319169
logistic_regression	SRR8908635	Cluster_Naive_Enriched	Cluster_Naive_Enriched	Cluster_DENV_Enriched	0.0002840003190770201	0.999715999680923
logistic_regression	SRR8908636	Cluster_DENV_Enriched	Cluster_DENV_Enriched	Cluster_DENV_Enriched	0.982154786803638	0.982154786803638
logistic_regression	SRR8908637	Cluster_DENV_Enriched	Cluster_DENV_Enriched	Cluster_DENV_Enriched	0.9991990819173187	0.9991990819173187
logistic_regression	SRR8908638	Cluster_DENV_Enriched	Cluster_DENV_Enriched	Cluster_DENV_Enriched	0.9442052371963576	0.9442052371963576
logistic_regression	SRR8908639	Cluster_DENV_Enriched	Cluster_DENV_Enriched	Cluster_DENV_Enriched	0.9170926469998283	0.9170926469998283
logistic_regression	SRR8908640	Cluster_Naive_Enriched	Cluster_Naive_Enriched	Cluster_DENV_Enriched	0.002158368290029565	0.9978416317099704
logistic_regression	SRR8908641	Cluster_Naive_Enriched	Cluster_Naive_Enriched	Cluster_DENV_Enriched	0.03170462066088744	0.9682953793391126
logistic_regression	SRR8908642	Cluster_Naive_Enriched	Cluster_Naive_Enriched	Cluster_DENV_Enriched	0.016656804344383484	0.9833431956556166
logistic_regression	SRR8908643	Cluster_Naive_Enriched	Cluster_Naive_Enriched	Cluster_DENV_Enriched	0.011790350719834192	0.9882096492801659
logistic_regression	SRR8908644	Cluster_Naive_Enriched	Cluster_Naive_Enriched	Cluster_DENV_Enriched	0.017671783500362026	0.982328216499638
logistic_regression	SRR8908645	Cluster_Naive_Enriched	Cluster_Naive_Enriched	Cluster_DENV_Enriched	0.05600700087920541	0.9439929991207946
logistic_regression	SRR8908646	Cluster_Naive_Enriched	Cluster_Naive_Enriched	Cluster_DENV_Enriched	0.0016200653877111919	0.9983799346122888
logistic_regression	SRR8908647	Cluster_Naive_Enriched	Cluster_Naive_Enriched	Cluster_DENV_Enriched	0.03839496945710194	0.961605030542898
logistic_regression	SRR8908648	Cluster_DENV_Enriched	Cluster_DENV_Enriched	Cluster_DENV_Enriched	0.9990124232227063	0.9990124232227063
logistic_regression	SRR8908649	Cluster_DENV_Enriched	Cluster_DENV_Enriched	Cluster_DENV_Enriched	0.99958000313492	0.99958000313492
logistic_regression	SRR8908650	Cluster_DENV_Enriched	Cluster_DENV_Enriched	Cluster_DENV_Enriched	0.9998441079264823	0.9998441079264823
logistic_regression	SRR8908651	Cluster_DENV_Enriched	Cluster_DENV_Enriched	Cluster_DENV_Enriched	0.9999053816165681	0.9999053816165681
logistic_regression	SRR8908652	Cluster_Naive_Enriched	Cluster_Naive_Enriched	Cluster_DENV_Enriched	0.003763929329751571	0.9962360706702484
logistic_regression	SRR8908653	Cluster_Naive_Enriched	Cluster_Naive_Enriched	Cluster_DENV_Enriched	0.10802579203679476	0.8919742079632053
logistic_regression	SRR8908654	Cluster_Naive_Enriched	Cluster_Naive_Enriched	Cluster_DENV_Enriched	0.011418085472851438	0.9885819145271486
logistic_regression	SRR8908655	Cluster_Naive_Enriched	Cluster_Naive_Enriched	Cluster_DENV_Enriched	0.003951436955492773	0.9960485630445072
logistic_regression	SRR8908656	Cluster_Naive_Enriched	Cluster_Naive_Enriched	Cluster_DENV_Enriched	0.004658162263353685	0.9953418377366463
logistic_regression	SRR8908657	Cluster_Naive_Enriched	Cluster_Naive_Enriched	Cluster_DENV_Enriched	0.005894596961678368	0.9941054030383216
logistic_regression	SRR8908658	Cluster_Naive_Enriched	Cluster_Naive_Enriched	Cluster_DENV_Enriched	0.0036432965035116125	0.9963567034964884
logistic_regression	SRR8908659	Cluster_Naive_Enriched	Cluster_Naive_Enriched	Cluster_DENV_Enriched	0.13713999487000728	0.8628600051299927
logistic_regression	SRR8908660	Cluster_DENV_Enriched	Cluster_DENV_Enriched	Cluster_DENV_Enriched	0.999985806736465	0.999985806736465
logistic_regression	SRR8908661	Cluster_DENV_Enriched	Cluster_DENV_Enriched	Cluster_DENV_Enriched	0.9999214294458025	0.9999214294458025
logistic_regression	SRR8908662	Cluster_DENV_Enriched	Cluster_DENV_Enriched	Cluster_DENV_Enriched	0.9991828054455826	0.9991828054455826
logistic_regression	SRR8908663	Cluster_DENV_Enriched	Cluster_DENV_Enriched	Cluster_DENV_Enriched	0.999950070528216	0.999950070528216
logistic_regression	SRR8908664	Cluster_Naive_Enriched	Cluster_Naive_Enriched	Cluster_DENV_Enriched	0.01075131061682254	0.9892486893831774
logistic_regression	SRR8908665	Cluster_Naive_Enriched	Cluster_Naive_Enriched	Cluster_DENV_Enriched	0.03178220543688593	0.9682177945631141
logistic_regression	SRR8908666	Cluster_Naive_Enriched	Cluster_Naive_Enriched	Cluster_DENV_Enriched	0.01043552383946385	0.9895644761605361
logistic_regression	SRR8908667	Cluster_Naive_Enriched	Cluster_Naive_Enriched	Cluster_DENV_Enriched	0.003131595623754269	0.9968684043762457
logistic_regression	SRR8908668	Cluster_Naive_Enriched	Cluster_Naive_Enriched	Cluster_DENV_Enriched	0.0025657821234285703	0.9974342178765714
logistic_regression	SRR8908669	Cluster_Naive_Enriched	Cluster_Naive_Enriched	Cluster_DENV_Enriched	0.023838953956786573	0.9761610460432134
logistic_regression	SRR8908670	Cluster_Naive_Enriched	Cluster_Naive_Enriched	Cluster_DENV_Enriched	0.0030698712818256445	0.9969301287181743
logistic_regression	SRR8908671	Cluster_Naive_Enriched	Cluster_Naive_Enriched	Cluster_DENV_Enriched	0.07656827645456882	0.9234317235454312
logistic_regression	SRR8908672	Cluster_DENV_Enriched	Cluster_DENV_Enriched	Cluster_DENV_Enriched	0.9997012182181652	0.9997012182181652
logistic_regression	SRR8908673	Cluster_DENV_Enriched	Cluster_DENV_Enriched	Cluster_DENV_Enriched	0.9989326319189024	0.9989326319189024
logistic_regression	SRR8908674	Cluster_Naive_Enriched	Cluster_Naive_Enriched	Cluster_DENV_Enriched	0.3279439272719415	0.6720560727280585
logistic_regression	SRR8908675	Cluster_DENV_Enriched	Cluster_Naive_Enriched	Cluster_DENV_Enriched	0.43780912690369167	0.43780912690369167
logistic_regression	SRR8908676	Cluster_Naive_Enriched	Cluster_Naive_Enriched	Cluster_DENV_Enriched	0.010792441891545799	0.9892075581084542
logistic_regression	SRR8908677	Cluster_Naive_Enriched	Cluster_Naive_Enriched	Cluster_DENV_Enriched	0.00838364589945441	0.9916163541005456
logistic_regression	SRR8908678	Cluster_Naive_Enriched	Cluster_Naive_Enriched	Cluster_DENV_Enriched	0.0037946867898818663	0.9962053132101182
logistic_regression	SRR8908679	Cluster_Naive_Enriched	Cluster_Naive_Enriched	Cluster_DENV_Enriched	0.004919670800450727	0.9950803291995493
logistic_regression	SRR8908680	Cluster_Naive_Enriched	Cluster_Naive_Enriched	Cluster_DENV_Enriched	0.0003189165391310431	0.9996810834608689
logistic_regression	SRR8908681	Cluster_Naive_Enriched	Cluster_Naive_Enriched	Cluster_DENV_Enriched	0.002659491498884674	0.9973405085011153
logistic_regression	SRR8908682	Cluster_Naive_Enriched	Cluster_Naive_Enriched	Cluster_DENV_Enriched	0.004030166426769995	0.99596983357323
logistic_regression	SRR8908683	Cluster_Naive_Enriched	Cluster_Naive_Enriched	Cluster_DENV_Enriched	0.007147758992760724	0.9928522410072392
logistic_regression	SRR8908684	Cluster_DENV_Enriched	Cluster_DENV_Enriched	Cluster_DENV_Enriched	0.9979570267849556	0.9979570267849556
logistic_regression	SRR8908685	Cluster_DENV_Enriched	Cluster_DENV_Enriched	Cluster_DENV_Enriched	0.9987138515231233	0.9987138515231233
logistic_regression	SRR8908686	Cluster_Naive_Enriched	Cluster_Naive_Enriched	Cluster_DENV_Enriched	0.01654262873505473	0.9834573712649453
logistic_regression	SRR8908687	Cluster_Naive_Enriched	Cluster_Naive_Enriched	Cluster_DENV_Enriched	0.19265687817377727	0.8073431218262227
logistic_regression	SRR8908688	Cluster_Naive_Enriched	Cluster_Naive_Enriched	Cluster_DENV_Enriched	0.011293850269936342	0.9887061497300637
logistic_regression	SRR8908689	Cluster_Naive_Enriched	Cluster_Naive_Enriched	Cluster_DENV_Enriched	0.0014571629205087687	0.9985428370794912
logistic_regression	SRR8908690	Cluster_Naive_Enriched	Cluster_Naive_Enriched	Cluster_DENV_Enriched	0.011869209557543127	0.9881307904424569
logistic_regression	SRR8908691	Cluster_Naive_Enriched	Cluster_Naive_Enriched	Cluster_DENV_Enriched	0.011633218082645686	0.9883667819173543
logistic_regression	SRR8908692	Cluster_Naive_Enriched	Cluster_Naive_Enriched	Cluster_DENV_Enriched	0.0029448525122303896	0.9970551474877696
logistic_regression	SRR8908693	Cluster_Naive_Enriched	Cluster_Naive_Enriched	Cluster_DENV_Enriched	0.010849754935727571	0.9891502450642724
logistic_regression	SRR8908694	Cluster_Naive_Enriched	Cluster_Naive_Enriched	Cluster_DENV_Enriched	0.014176708044040361	0.9858232919559596
logistic_regression	SRR8908695	Cluster_Naive_Enriched	Cluster_Naive_Enriched	Cluster_DENV_Enriched	0.010086459409888872	0.9899135405901112
logistic_regression	SRR8908696	Cluster_DENV_Enriched	Cluster_DENV_Enriched	Cluster_DENV_Enriched	0.9626235602845921	0.9626235602845921
logistic_regression	SRR8908697	Cluster_DENV_Enriched	Cluster_DENV_Enriched	Cluster_DENV_Enriched	0.9925980271125858	0.9925980271125858
logistic_regression	SRR8908698	Cluster_DENV_Enriched	Cluster_DENV_Enriched	Cluster_DENV_Enriched	0.9937309113795331	0.9937309113795331
logistic_regression	SRR8908699	Cluster_DENV_Enriched	Cluster_DENV_Enriched	Cluster_DENV_Enriched	0.9920937201460532	0.9920937201460532
logistic_regression	SRR8908700	Cluster_Naive_Enriched	Cluster_Naive_Enriched	Cluster_DENV_Enriched	0.0006430990994591676	0.9993569009005409
logistic_regression	SRR8908701	Cluster_Naive_Enriched	Cluster_Naive_Enriched	Cluster_DENV_Enriched	0.0009420083922284927	0.9990579916077715
logistic_regression	SRR8908702	Cluster_Naive_Enriched	Cluster_Naive_Enriched	Cluster_DENV_Enriched	0.0024760732265783846	0.9975239267734216
logistic_regression	SRR8908703	Cluster_Naive_Enriched	Cluster_Naive_Enriched	Cluster_DENV_Enriched	0.00019269381601295197	0.999807306183987
logistic_regression	SRR8908704	Cluster_Naive_Enriched	Cluster_Naive_Enriched	Cluster_DENV_Enriched	0.005092216749835528	0.9949077832501645
logistic_regression	SRR8908705	Cluster_Naive_Enriched	Cluster_Naive_Enriched	Cluster_DENV_Enriched	0.0005938499503716679	0.9994061500496283
logistic_regression	SRR8908706	Cluster_Naive_Enriched	Cluster_Naive_Enriched	Cluster_DENV_Enriched	0.001759679279911259	0.9982403207200887
logistic_regression	SRR8908707	Cluster_Naive_Enriched	Cluster_Naive_Enriched	Cluster_DENV_Enriched	0.011621091052940727	0.9883789089470593
logistic_regression	SRR8908708	Cluster_DENV_Enriched	Cluster_DENV_Enriched	Cluster_DENV_Enriched	0.99985402619582	0.99985402619582
logistic_regression	SRR8908709	Cluster_DENV_Enriched	Cluster_DENV_Enriched	Cluster_DENV_Enriched	0.9999161657539377	0.9999161657539377
logistic_regression	SRR8908710	Cluster_DENV_Enriched	Cluster_DENV_Enriched	Cluster_DENV_Enriched	0.8618000721567758	0.8618000721567758
logistic_regression	SRR8908711	Cluster_DENV_Enriched	Cluster_DENV_Enriched	Cluster_DENV_Enriched	0.9976571703034471	0.9976571703034471
logistic_regression	SRR8908712	Cluster_Naive_Enriched	Cluster_Naive_Enriched	Cluster_DENV_Enriched	2.7791722293543327e-08	0.9999999722082777
logistic_regression	SRR8908713	Cluster_Naive_Enriched	Cluster_Naive_Enriched	Cluster_DENV_Enriched	0.002455181404257969	0.9975448185957421
logistic_regression	SRR8908714	Cluster_Naive_Enriched	Cluster_Naive_Enriched	Cluster_DENV_Enriched	0.005300496635410098	0.9946995033645899
logistic_regression	SRR8908715	Cluster_Naive_Enriched	Cluster_Naive_Enriched	Cluster_DENV_Enriched	0.0036579603001552488	0.9963420396998448
logistic_regression	SRR8908716	Cluster_Naive_Enriched	Cluster_Naive_Enriched	Cluster_DENV_Enriched	0.009733083121479696	0.9902669168785203
logistic_regression	SRR8908717	Cluster_Naive_Enriched	Cluster_Naive_Enriched	Cluster_DENV_Enriched	0.007623897740908108	0.9923761022590919
logistic_regression	SRR8908718	Cluster_Naive_Enriched	Cluster_Naive_Enriched	Cluster_DENV_Enriched	0.08165280900720981	0.9183471909927902
logistic_regression	SRR8908719	Cluster_Naive_Enriched	Cluster_Naive_Enriched	Cluster_DENV_Enriched	0.007312226693629045	0.9926877733063709
logistic_regression	SRR8908720	Cluster_DENV_Enriched	Cluster_DENV_Enriched	Cluster_DENV_Enriched	0.9953780673669866	0.9953780673669866
logistic_regression	SRR8908721	Cluster_DENV_Enriched	Cluster_DENV_Enriched	Cluster_DENV_Enriched	0.9969760823979382	0.9969760823979382
logistic_regression	SRR8908722	Cluster_DENV_Enriched	Cluster_DENV_Enriched	Cluster_DENV_Enriched	0.9998910410069917	0.9998910410069917
logistic_regression	SRR8908723	Cluster_DENV_Enriched	Cluster_DENV_Enriched	Cluster_DENV_Enriched	0.9996511788446467	0.9996511788446467
logistic_regression	SRR8908724	Cluster_Naive_Enriched	Cluster_Naive_Enriched	Cluster_DENV_Enriched	0.0023052751992955318	0.9976947248007044
logistic_regression	SRR8908725	Cluster_Naive_Enriched	Cluster_Naive_Enriched	Cluster_DENV_Enriched	0.013932059809327494	0.9860679401906725
logistic_regression	SRR8908726	Cluster_Naive_Enriched	Cluster_Naive_Enriched	Cluster_DENV_Enriched	0.003859737571764786	0.9961402624282352
logistic_regression	SRR8908727	Cluster_Naive_Enriched	Cluster_Naive_Enriched	Cluster_DENV_Enriched	0.0038087609022587642	0.9961912390977412
logistic_regression	SRR8908728	Cluster_Naive_Enriched	Cluster_Naive_Enriched	Cluster_DENV_Enriched	0.020632594313264717	0.9793674056867353
logistic_regression	SRR8908729	Cluster_Naive_Enriched	Cluster_Naive_Enriched	Cluster_DENV_Enriched	0.0009158336493165843	0.9990841663506834
logistic_regression	SRR8908730	Cluster_Naive_Enriched	Cluster_Naive_Enriched	Cluster_DENV_Enriched	0.0008556749273461851	0.9991443250726538
logistic_regression	SRR8908731	Cluster_Naive_Enriched	Cluster_Naive_Enriched	Cluster_DENV_Enriched	0.20623684726961694	0.793763152730383
logistic_regression	SRR8908732	Cluster_DENV_Enriched	Cluster_DENV_Enriched	Cluster_DENV_Enriched	0.9974556065688479	0.9974556065688479
logistic_regression	SRR8908733	Cluster_DENV_Enriched	Cluster_DENV_Enriched	Cluster_DENV_Enriched	0.9998292061972933	0.9998292061972933
logistic_regression	SRR8908734	Cluster_DENV_Enriched	Cluster_DENV_Enriched	Cluster_DENV_Enriched	0.9999514146324581	0.9999514146324581
logistic_regression	SRR8908735	Cluster_DENV_Enriched	Cluster_DENV_Enriched	Cluster_DENV_Enriched	0.9999922392212196	0.9999922392212196
logistic_regression	SRR8908736	Cluster_DENV_Enriched	Cluster_DENV_Enriched	Cluster_DENV_Enriched	0.8619424642554524	0.8619424642554524
logistic_regression	SRR8908737	Cluster_DENV_Enriched	Cluster_DENV_Enriched	Cluster_DENV_Enriched	0.7392252501830374	0.7392252501830374
logistic_regression	SRR8908738	Cluster_DENV_Enriched	Cluster_DENV_Enriched	Cluster_DENV_Enriched	0.9993604724421973	0.9993604724421973
logistic_regression	SRR8908739	Cluster_DENV_Enriched	Cluster_DENV_Enriched	Cluster_DENV_Enriched	0.9998800346998605	0.9998800346998605
logistic_regression	SRR8908740	Cluster_Naive_Enriched	Cluster_Naive_Enriched	Cluster_DENV_Enriched	0.056544375813903154	0.9434556241860969
logistic_regression	SRR8908741	Cluster_Naive_Enriched	Cluster_Naive_Enriched	Cluster_DENV_Enriched	0.15514054646488706	0.8448594535351129
logistic_regression	SRR8908742	Cluster_Naive_Enriched	Cluster_Naive_Enriched	Cluster_DENV_Enriched	0.10632292388223928	0.8936770761177607
logistic_regression	SRR8908743	Cluster_Naive_Enriched	Cluster_Naive_Enriched	Cluster_DENV_Enriched	0.023044771301773022	0.9769552286982269
logistic_regression	SRR8908744	Cluster_Naive_Enriched	Cluster_Naive_Enriched	Cluster_DENV_Enriched	0.008415671482256509	0.9915843285177435
logistic_regression	SRR8908745	Cluster_Naive_Enriched	Cluster_Naive_Enriched	Cluster_DENV_Enriched	0.17364810482022022	0.8263518951797798
logistic_regression	SRR8908746	Cluster_Naive_Enriched	Cluster_Naive_Enriched	Cluster_DENV_Enriched	0.0750069174391502	0.9249930825608498
logistic_regression	SRR8908747	Cluster_Naive_Enriched	Cluster_Naive_Enriched	Cluster_DENV_Enriched	0.13758894955754664	0.8624110504424534
logistic_regression	SRR8908748	Cluster_DENV_Enriched	Cluster_DENV_Enriched	Cluster_DENV_Enriched	0.9998390980862637	0.9998390980862637
logistic_regression	SRR8908749	Cluster_DENV_Enriched	Cluster_DENV_Enriched	Cluster_DENV_Enriched	0.9999672802604694	0.9999672802604694
logistic_regression	SRR8908750	Cluster_DENV_Enriched	Cluster_DENV_Enriched	Cluster_DENV_Enriched	0.9999916577042954	0.9999916577042954
logistic_regression	SRR8908751	Cluster_DENV_Enriched	Cluster_DENV_Enriched	Cluster_DENV_Enriched	0.9999980237689516	0.9999980237689516
logistic_regression	SRR8908752	Cluster_Naive_Enriched	Cluster_Naive_Enriched	Cluster_DENV_Enriched	0.009904768611225367	0.9900952313887746
logistic_regression	SRR8908753	Cluster_Naive_Enriched	Cluster_Naive_Enriched	Cluster_DENV_Enriched	0.004989440125021198	0.9950105598749788
logistic_regression	SRR8908754	Cluster_Naive_Enriched	Cluster_Naive_Enriched	Cluster_DENV_Enriched	0.004866859873734543	0.9951331401262654
logistic_regression	SRR8908755	Cluster_Naive_Enriched	Cluster_Naive_Enriched	Cluster_DENV_Enriched	0.008819405590014373	0.9911805944099856
logistic_regression	SRR8908756	Cluster_Naive_Enriched	Cluster_Naive_Enriched	Cluster_DENV_Enriched	0.0003621525146600336	0.99963784748534
logistic_regression	SRR8908757	Cluster_Naive_Enriched	Cluster_Naive_Enriched	Cluster_DENV_Enriched	0.008591645142697672	0.9914083548573023
logistic_regression	SRR8908758	Cluster_Naive_Enriched	Cluster_Naive_Enriched	Cluster_DENV_Enriched	0.010303055853684153	0.9896969441463158
logistic_regression	SRR8908759	Cluster_Naive_Enriched	Cluster_Naive_Enriched	Cluster_DENV_Enriched	0.0009466232338644607	0.9990533767661356
logistic_regression	SRR8908760	Cluster_DENV_Enriched	Cluster_DENV_Enriched	Cluster_DENV_Enriched	0.9996507440343295	0.9996507440343295
logistic_regression	SRR8908761	Cluster_DENV_Enriched	Cluster_DENV_Enriched	Cluster_DENV_Enriched	0.9996807980148321	0.9996807980148321
logistic_regression	SRR8908762	Cluster_DENV_Enriched	Cluster_DENV_Enriched	Cluster_DENV_Enriched	0.9980086962897552	0.9980086962897552
logistic_regression	SRR8908763	Cluster_DENV_Enriched	Cluster_DENV_Enriched	Cluster_DENV_Enriched	0.9976582227202455	0.9976582227202455
logistic_regression	SRR8908764	Cluster_Naive_Enriched	Cluster_Naive_Enriched	Cluster_DENV_Enriched	0.00030389095493328904	0.9996961090450667
logistic_regression	SRR8908765	Cluster_Naive_Enriched	Cluster_Naive_Enriched	Cluster_DENV_Enriched	0.0003326274417857785	0.9996673725582143
logistic_regression	SRR8908766	Cluster_Naive_Enriched	Cluster_Naive_Enriched	Cluster_DENV_Enriched	0.0011821938173398735	0.9988178061826601
logistic_regression	SRR8908767	Cluster_Naive_Enriched	Cluster_Naive_Enriched	Cluster_DENV_Enriched	0.0007045946379175545	0.9992954053620825
logistic_regression	SRR8908768	Cluster_Naive_Enriched	Cluster_Naive_Enriched	Cluster_DENV_Enriched	0.00027216673208491	0.9997278332679151
logistic_regression	SRR8908769	Cluster_Naive_Enriched	Cluster_Naive_Enriched	Cluster_DENV_Enriched	0.0010630210230394353	0.9989369789769605
logistic_regression	SRR8908770	Cluster_Naive_Enriched	Cluster_Naive_Enriched	Cluster_DENV_Enriched	0.00023574562796849802	0.9997642543720315
logistic_regression	SRR8908771	Cluster_Naive_Enriched	Cluster_Naive_Enriched	Cluster_DENV_Enriched	0.0016196189652247848	0.9983803810347752
logistic_regression	SRR8908772	Cluster_DENV_Enriched	Cluster_DENV_Enriched	Cluster_DENV_Enriched	0.9888077870062282	0.9888077870062282
logistic_regression	SRR8908773	Cluster_DENV_Enriched	Cluster_DENV_Enriched	Cluster_DENV_Enriched	0.9842161957328208	0.9842161957328208
logistic_regression	SRR8908774	Cluster_DENV_Enriched	Cluster_DENV_Enriched	Cluster_DENV_Enriched	0.9950332023232349	0.9950332023232349
logistic_regression	SRR8908775	Cluster_DENV_Enriched	Cluster_DENV_Enriched	Cluster_DENV_Enriched	0.9929799627142808	0.9929799627142808
logistic_regression	SRR8908776	Cluster_Naive_Enriched	Cluster_Naive_Enriched	Cluster_DENV_Enriched	0.0015990140719689102	0.9984009859280311
logistic_regression	SRR8908777	Cluster_Naive_Enriched	Cluster_Naive_Enriched	Cluster_DENV_Enriched	0.004007490620236133	0.9959925093797639
logistic_regression	SRR8908778	Cluster_Naive_Enriched	Cluster_Naive_Enriched	Cluster_DENV_Enriched	0.0008053331918180745	0.9991946668081819
logistic_regression	SRR8908779	Cluster_Naive_Enriched	Cluster_Naive_Enriched	Cluster_DENV_Enriched	0.0007676452910158806	0.9992323547089841
logistic_regression	SRR8908780	Cluster_Naive_Enriched	Cluster_Naive_Enriched	Cluster_DENV_Enriched	0.0019534134248961653	0.9980465865751038
logistic_regression	SRR8908781	Cluster_Naive_Enriched	Cluster_Naive_Enriched	Cluster_DENV_Enriched	0.015854585951640222	0.9841454140483598
logistic_regression	SRR8908782	Cluster_Naive_Enriched	Cluster_Naive_Enriched	Cluster_DENV_Enriched	0.0024915840812956853	0.9975084159187043
logistic_regression	SRR8908783	Cluster_Naive_Enriched	Cluster_Naive_Enriched	Cluster_DENV_Enriched	0.0028817965022281205	0.9971182034977719
logistic_regression	SRR8908784	Cluster_DENV_Enriched	Cluster_DENV_Enriched	Cluster_DENV_Enriched	0.9972930375082261	0.9972930375082261
logistic_regression	SRR8908785	Cluster_DENV_Enriched	Cluster_DENV_Enriched	Cluster_DENV_Enriched	0.9701495944738922	0.9701495944738922
logistic_regression	SRR8908786	Cluster_DENV_Enriched	Cluster_DENV_Enriched	Cluster_DENV_Enriched	0.9968106678050814	0.9968106678050814
logistic_regression	SRR8908787	Cluster_DENV_Enriched	Cluster_DENV_Enriched	Cluster_DENV_Enriched	0.99291063419122	0.99291063419122
logistic_regression	SRR8908788	Cluster_Naive_Enriched	Cluster_Naive_Enriched	Cluster_DENV_Enriched	0.0036022753828756316	0.9963977246171244
logistic_regression	SRR8908789	Cluster_Naive_Enriched	Cluster_Naive_Enriched	Cluster_DENV_Enriched	0.00735163776823699	0.992648362231763
logistic_regression	SRR8908790	Cluster_Naive_Enriched	Cluster_Naive_Enriched	Cluster_DENV_Enriched	0.006485218303491323	0.9935147816965086
logistic_regression	SRR8908791	Cluster_Naive_Enriched	Cluster_Naive_Enriched	Cluster_DENV_Enriched	0.004295129123217781	0.9957048708767822
logistic_regression	SRR8908792	Cluster_Naive_Enriched	Cluster_Naive_Enriched	Cluster_DENV_Enriched	0.010288906249420028	0.98971109375058
logistic_regression	SRR8908793	Cluster_Naive_Enriched	Cluster_Naive_Enriched	Cluster_DENV_Enriched	0.006700410581923832	0.9932995894180762
logistic_regression	SRR8908794	Cluster_Naive_Enriched	Cluster_Naive_Enriched	Cluster_DENV_Enriched	0.015124077042906794	0.9848759229570933
logistic_regression	SRR8908795	Cluster_Naive_Enriched	Cluster_Naive_Enriched	Cluster_DENV_Enriched	0.03959945133946348	0.9604005486605365
logistic_regression	SRR8908796	Cluster_DENV_Enriched	Cluster_DENV_Enriched	Cluster_DENV_Enriched	0.9992858210475981	0.9992858210475981
logistic_regression	SRR8908797	Cluster_DENV_Enriched	Cluster_DENV_Enriched	Cluster_DENV_Enriched	0.9989317062634449	0.9989317062634449
logistic_regression	SRR8908798	Cluster_DENV_Enriched	Cluster_DENV_Enriched	Cluster_DENV_Enriched	0.9084873496843556	0.9084873496843556
logistic_regression	SRR8908799	Cluster_DENV_Enriched	Cluster_DENV_Enriched	Cluster_DENV_Enriched	0.8272844982549012	0.8272844982549012
logistic_regression	SRR8908800	Cluster_Naive_Enriched	Cluster_Naive_Enriched	Cluster_DENV_Enriched	0.0012890205643328939	0.9987109794356671
logistic_regression	SRR8908801	Cluster_Naive_Enriched	Cluster_Naive_Enriched	Cluster_DENV_Enriched	0.0010222851740553309	0.9989777148259447
logistic_regression	SRR8908802	Cluster_Naive_Enriched	Cluster_Naive_Enriched	Cluster_DENV_Enriched	0.00017043774893224807	0.9998295622510678
logistic_regression	SRR8908803	Cluster_Naive_Enriched	Cluster_Naive_Enriched	Cluster_DENV_Enriched	0.00391271362359056	0.9960872863764094
logistic_regression	SRR8908804	Cluster_Naive_Enriched	Cluster_Naive_Enriched	Cluster_DENV_Enriched	4.6113554486479075e-05	0.9999538864455135
logistic_regression	SRR8908805	Cluster_Naive_Enriched	Cluster_Naive_Enriched	Cluster_DENV_Enriched	0.004959856933213866	0.9950401430667861
logistic_regression	SRR8908806	Cluster_Naive_Enriched	Cluster_Naive_Enriched	Cluster_DENV_Enriched	0.004972351027376676	0.9950276489726233
logistic_regression	SRR8908807	Cluster_Naive_Enriched	Cluster_Naive_Enriched	Cluster_DENV_Enriched	0.004468866803002377	0.9955311331969976
logistic_regression	SRR8908808	Cluster_DENV_Enriched	Cluster_DENV_Enriched	Cluster_DENV_Enriched	0.9926307793487739	0.9926307793487739
logistic_regression	SRR8908809	Cluster_DENV_Enriched	Cluster_DENV_Enriched	Cluster_DENV_Enriched	0.9991109487643273	0.9991109487643273
logistic_regression	SRR8908810	Cluster_DENV_Enriched	Cluster_DENV_Enriched	Cluster_DENV_Enriched	0.9952955652554115	0.9952955652554115
logistic_regression	SRR8908811	Cluster_DENV_Enriched	Cluster_DENV_Enriched	Cluster_DENV_Enriched	0.9946302097030943	0.9946302097030943
logistic_regression	SRR8908812	Cluster_Naive_Enriched	Cluster_Naive_Enriched	Cluster_DENV_Enriched	0.009430127970608668	0.9905698720293913
logistic_regression	SRR8908813	Cluster_Naive_Enriched	Cluster_Naive_Enriched	Cluster_DENV_Enriched	0.0005428380978958679	0.9994571619021041
logistic_regression	SRR8908814	Cluster_Naive_Enriched	Cluster_Naive_Enriched	Cluster_DENV_Enriched	0.0015608261542221541	0.9984391738457778
logistic_regression	SRR8908815	Cluster_Naive_Enriched	Cluster_Naive_Enriched	Cluster_DENV_Enriched	0.0030064204916401475	0.9969935795083599
logistic_regression	SRR8908816	Cluster_Naive_Enriched	Cluster_Naive_Enriched	Cluster_DENV_Enriched	0.0013227689201150861	0.9986772310798849
logistic_regression	SRR8908817	Cluster_Naive_Enriched	Cluster_Naive_Enriched	Cluster_DENV_Enriched	0.0015543246736120832	0.998445675326388
logistic_regression	SRR8908818	Cluster_Naive_Enriched	Cluster_Naive_Enriched	Cluster_DENV_Enriched	0.004499026433782988	0.995500973566217
logistic_regression	SRR8908819	Cluster_Naive_Enriched	Cluster_Naive_Enriched	Cluster_DENV_Enriched	7.880091642164745e-05	0.9999211990835783
logistic_regression	SRR8908820	Cluster_DENV_Enriched	Cluster_DENV_Enriched	Cluster_DENV_Enriched	0.9165802150248595	0.9165802150248595
logistic_regression	SRR8908821	Cluster_DENV_Enriched	Cluster_DENV_Enriched	Cluster_DENV_Enriched	0.9456878364684879	0.9456878364684879
logistic_regression	SRR8908822	Cluster_DENV_Enriched	Cluster_DENV_Enriched	Cluster_DENV_Enriched	0.9882865842030493	0.9882865842030493
logistic_regression	SRR8908823	Cluster_DENV_Enriched	Cluster_DENV_Enriched	Cluster_DENV_Enriched	0.9981317273119649	0.9981317273119649
logistic_regression	SRR8908824	Cluster_Naive_Enriched	Cluster_Naive_Enriched	Cluster_DENV_Enriched	0.00176605218876895	0.9982339478112311
logistic_regression	SRR8908825	Cluster_Naive_Enriched	Cluster_Naive_Enriched	Cluster_DENV_Enriched	0.0010439853010943744	0.9989560146989056
logistic_regression	SRR8908826	Cluster_Naive_Enriched	Cluster_Naive_Enriched	Cluster_DENV_Enriched	0.006841186744259121	0.9931588132557408
logistic_regression	SRR8908827	Cluster_Naive_Enriched	Cluster_Naive_Enriched	Cluster_DENV_Enriched	0.000567063380140998	0.999432936619859
logistic_regression	SRR8908828	Cluster_Naive_Enriched	Cluster_Naive_Enriched	Cluster_DENV_Enriched	0.0017757491121005013	0.9982242508878995
logistic_regression	SRR8908829	Cluster_Naive_Enriched	Cluster_Naive_Enriched	Cluster_DENV_Enriched	0.009881295247488838	0.9901187047525112
logistic_regression	SRR8908830	Cluster_Naive_Enriched	Cluster_Naive_Enriched	Cluster_DENV_Enriched	0.00018864721287764657	0.9998113527871223
logistic_regression	SRR8908831	Cluster_Naive_Enriched	Cluster_Naive_Enriched	Cluster_DENV_Enriched	0.0025461180092336676	0.9974538819907663
logistic_regression	SRR8908832	Cluster_Naive_Enriched	Cluster_Naive_Enriched	Cluster_DENV_Enriched	0.3765272008249204	0.6234727991750796
logistic_regression	SRR8908833	Cluster_Naive_Enriched	Cluster_DENV_Enriched	Cluster_DENV_Enriched	0.5831031498438847	0.41689685015611533
logistic_regression	SRR8908834	Cluster_DENV_Enriched	Cluster_DENV_Enriched	Cluster_DENV_Enriched	0.8035830187213334	0.8035830187213334
logistic_regression	SRR8908835	Cluster_DENV_Enriched	Cluster_DENV_Enriched	Cluster_DENV_Enriched	0.7454889085719896	0.7454889085719896
logistic_regression	SRR8908836	Cluster_Naive_Enriched	Cluster_Naive_Enriched	Cluster_DENV_Enriched	3.8230587737594275e-05	0.9999617694122624
logistic_regression	SRR8908837	Cluster_Naive_Enriched	Cluster_Naive_Enriched	Cluster_DENV_Enriched	3.599851061549527e-05	0.9999640014893845
logistic_regression	SRR8908838	Cluster_Naive_Enriched	Cluster_Naive_Enriched	Cluster_DENV_Enriched	0.00010213457711587185	0.9998978654228842
logistic_regression	SRR8908839	Cluster_Naive_Enriched	Cluster_Naive_Enriched	Cluster_DENV_Enriched	0.00011622443853726789	0.9998837755614627
logistic_regression	SRR8908840	Cluster_Naive_Enriched	Cluster_Naive_Enriched	Cluster_DENV_Enriched	0.00010396671330265604	0.9998960332866973
logistic_regression	SRR8908841	Cluster_Naive_Enriched	Cluster_Naive_Enriched	Cluster_DENV_Enriched	2.379471863204634e-05	0.999976205281368
logistic_regression	SRR8908842	Cluster_Naive_Enriched	Cluster_Naive_Enriched	Cluster_DENV_Enriched	0.00019954220505777226	0.9998004577949422
logistic_regression	SRR8908843	Cluster_Naive_Enriched	Cluster_Naive_Enriched	Cluster_DENV_Enriched	0.00033357601237353463	0.9996664239876265
logistic_regression	SRR8908844	Cluster_DENV_Enriched	Cluster_DENV_Enriched	Cluster_DENV_Enriched	0.9992139106861624	0.9992139106861624
logistic_regression	SRR8908845	Cluster_DENV_Enriched	Cluster_DENV_Enriched	Cluster_DENV_Enriched	0.9955050581179463	0.9955050581179463
logistic_regression	SRR8908846	Cluster_DENV_Enriched	Cluster_DENV_Enriched	Cluster_DENV_Enriched	0.8143580925118867	0.8143580925118867
logistic_regression	SRR8908847	Cluster_DENV_Enriched	Cluster_DENV_Enriched	Cluster_DENV_Enriched	0.7302831403410021	0.7302831403410021
logistic_regression	SRR8908848	Cluster_Naive_Enriched	Cluster_Naive_Enriched	Cluster_DENV_Enriched	4.576800463949249e-05	0.9999542319953605
logistic_regression	SRR8908849	Cluster_Naive_Enriched	Cluster_Naive_Enriched	Cluster_DENV_Enriched	2.3681357916989834e-05	0.999976318642083
logistic_regression	SRR8908850	Cluster_Naive_Enriched	Cluster_Naive_Enriched	Cluster_DENV_Enriched	2.4584539333887477e-05	0.9999754154606662
logistic_regression	SRR8908851	Cluster_Naive_Enriched	Cluster_Naive_Enriched	Cluster_DENV_Enriched	2.261857511068862e-05	0.9999773814248893
logistic_regression	SRR8908852	Cluster_Naive_Enriched	Cluster_Naive_Enriched	Cluster_DENV_Enriched	7.537011838060166e-05	0.9999246298816195
logistic_regression	SRR8908853	Cluster_Naive_Enriched	Cluster_Naive_Enriched	Cluster_DENV_Enriched	0.00012729057278586904	0.9998727094272142
logistic_regression	SRR8908854	Cluster_Naive_Enriched	Cluster_Naive_Enriched	Cluster_DENV_Enriched	1.7696009511118457e-05	0.9999823039904889
logistic_regression	SRR8908855	Cluster_Naive_Enriched	Cluster_Naive_Enriched	Cluster_DENV_Enriched	0.0002425355143595288	0.9997574644856405
logistic_regression	SRR8908856	Cluster_DENV_Enriched	Cluster_DENV_Enriched	Cluster_DENV_Enriched	0.9876149935485774	0.9876149935485774
logistic_regression	SRR8908857	Cluster_DENV_Enriched	Cluster_DENV_Enriched	Cluster_DENV_Enriched	0.9933472282053737	0.9933472282053737
logistic_regression	SRR8908858	Cluster_DENV_Enriched	Cluster_DENV_Enriched	Cluster_DENV_Enriched	0.9887616250892967	0.9887616250892967
logistic_regression	SRR8908859	Cluster_DENV_Enriched	Cluster_DENV_Enriched	Cluster_DENV_Enriched	0.9710851071254695	0.9710851071254695
logistic_regression	SRR8908860	Cluster_Naive_Enriched	Cluster_Naive_Enriched	Cluster_DENV_Enriched	0.00034197793597075515	0.9996580220640292
logistic_regression	SRR8908861	Cluster_Naive_Enriched	Cluster_Naive_Enriched	Cluster_DENV_Enriched	6.21756019097337e-05	0.9999378243980903
logistic_regression	SRR8908862	Cluster_Naive_Enriched	Cluster_Naive_Enriched	Cluster_DENV_Enriched	7.070125657915344e-05	0.9999292987434208
logistic_regression	SRR8908863	Cluster_Naive_Enriched	Cluster_Naive_Enriched	Cluster_DENV_Enriched	3.1203576147031043e-05	0.999968796423853
logistic_regression	SRR8908864	Cluster_Naive_Enriched	Cluster_Naive_Enriched	Cluster_DENV_Enriched	0.0002504398586668101	0.9997495601413332
logistic_regression	SRR8908865	Cluster_Naive_Enriched	Cluster_Naive_Enriched	Cluster_DENV_Enriched	2.1746607908107877e-05	0.9999782533920919
logistic_regression	SRR8908866	Cluster_Naive_Enriched	Cluster_Naive_Enriched	Cluster_DENV_Enriched	6.313502586914692e-05	0.9999368649741308
logistic_regression	SRR8908867	Cluster_Naive_Enriched	Cluster_Naive_Enriched	Cluster_DENV_Enriched	7.982874311105811e-06	0.9999920171256889
logistic_regression	SRR8908868	Cluster_DENV_Enriched	Cluster_DENV_Enriched	Cluster_DENV_Enriched	0.9978032571076073	0.9978032571076073
logistic_regression	SRR8908869	Cluster_DENV_Enriched	Cluster_DENV_Enriched	Cluster_DENV_Enriched	0.993705276419317	0.993705276419317
logistic_regression	SRR8908870	Cluster_Naive_Enriched	Cluster_Naive_Enriched	Cluster_DENV_Enriched	0.4191434105904001	0.5808565894095998
logistic_regression	SRR8908871	Cluster_Naive_Enriched	Cluster_DENV_Enriched	Cluster_DENV_Enriched	0.9579220945076972	0.042077905492302836
logistic_regression	SRR8908872	Cluster_Naive_Enriched	Cluster_Naive_Enriched	Cluster_DENV_Enriched	0.0001564516317481056	0.9998435483682518
logistic_regression	SRR8908873	Cluster_Naive_Enriched	Cluster_Naive_Enriched	Cluster_DENV_Enriched	0.0009102513601168586	0.9990897486398831
logistic_regression	SRR8908874	Cluster_Naive_Enriched	Cluster_Naive_Enriched	Cluster_DENV_Enriched	0.003111096699148517	0.9968889033008514
logistic_regression	SRR8908875	Cluster_Naive_Enriched	Cluster_Naive_Enriched	Cluster_DENV_Enriched	0.0006512801945070153	0.999348719805493
logistic_regression	SRR8908876	Cluster_Naive_Enriched	Cluster_Naive_Enriched	Cluster_DENV_Enriched	2.5417153437352763e-05	0.9999745828465626
logistic_regression	SRR8908877	Cluster_Naive_Enriched	Cluster_Naive_Enriched	Cluster_DENV_Enriched	0.00013603978016991477	0.99986396021983
logistic_regression	SRR8908878	Cluster_Naive_Enriched	Cluster_Naive_Enriched	Cluster_DENV_Enriched	0.00015853521779147944	0.9998414647822085
logistic_regression	SRR8908879	Cluster_Naive_Enriched	Cluster_Naive_Enriched	Cluster_DENV_Enriched	0.00010814193719133426	0.9998918580628087
logistic_regression	SRR8908880	Cluster_DENV_Enriched	Cluster_DENV_Enriched	Cluster_DENV_Enriched	0.9897267567035222	0.9897267567035222
logistic_regression	SRR8908881	Cluster_DENV_Enriched	Cluster_DENV_Enriched	Cluster_DENV_Enriched	0.9974240472461698	0.9974240472461698
logistic_regression	SRR8908882	Cluster_DENV_Enriched	Cluster_DENV_Enriched	Cluster_DENV_Enriched	0.9867497255153153	0.9867497255153153
logistic_regression	SRR8908883	Cluster_DENV_Enriched	Cluster_DENV_Enriched	Cluster_DENV_Enriched	0.9834036269305797	0.9834036269305797
logistic_regression	SRR8908884	Cluster_Naive_Enriched	Cluster_Naive_Enriched	Cluster_DENV_Enriched	0.0004482440706699109	0.9995517559293301
logistic_regression	SRR8908885	Cluster_Naive_Enriched	Cluster_Naive_Enriched	Cluster_DENV_Enriched	0.0009096698242540364	0.999090330175746
logistic_regression	SRR8908886	Cluster_Naive_Enriched	Cluster_Naive_Enriched	Cluster_DENV_Enriched	0.0014761581894158602	0.9985238418105842
logistic_regression	SRR8908887	Cluster_Naive_Enriched	Cluster_Naive_Enriched	Cluster_DENV_Enriched	0.0005626429892708828	0.9994373570107291
logistic_regression	SRR8908888	Cluster_Naive_Enriched	Cluster_Naive_Enriched	Cluster_DENV_Enriched	0.0005750932066693047	0.9994249067933307
logistic_regression	SRR8908889	Cluster_Naive_Enriched	Cluster_Naive_Enriched	Cluster_DENV_Enriched	0.0022209057132948004	0.9977790942867052
logistic_regression	SRR8908890	Cluster_Naive_Enriched	Cluster_Naive_Enriched	Cluster_DENV_Enriched	0.0001911223713883467	0.9998088776286117
logistic_regression	SRR8908891	Cluster_Naive_Enriched	Cluster_Naive_Enriched	Cluster_DENV_Enriched	0.0021413122649869055	0.9978586877350131
logistic_regression	SRR8908892	Cluster_DENV_Enriched	Cluster_DENV_Enriched	Cluster_DENV_Enriched	0.9984490457580685	0.9984490457580685
logistic_regression	SRR8908893	Cluster_DENV_Enriched	Cluster_DENV_Enriched	Cluster_DENV_Enriched	0.9992921886555064	0.9992921886555064
logistic_regression	SRR8908894	Cluster_DENV_Enriched	Cluster_DENV_Enriched	Cluster_DENV_Enriched	0.9994441403880867	0.9994441403880867
logistic_regression	SRR8908895	Cluster_DENV_Enriched	Cluster_DENV_Enriched	Cluster_DENV_Enriched	0.9995983038608625	0.9995983038608625
logistic_regression	SRR8908896	Cluster_Naive_Enriched	Cluster_Naive_Enriched	Cluster_DENV_Enriched	0.09319583737732898	0.906804162622671
logistic_regression	SRR8908897	Cluster_Naive_Enriched	Cluster_DENV_Enriched	Cluster_DENV_Enriched	0.6143774198439292	0.38562258015607076
logistic_regression	SRR8908898	Cluster_DENV_Enriched	Cluster_DENV_Enriched	Cluster_DENV_Enriched	0.9613606075226662	0.9613606075226662
logistic_regression	SRR8908899	Cluster_DENV_Enriched	Cluster_DENV_Enriched	Cluster_DENV_Enriched	0.9870654319588161	0.9870654319588161
